скорость ПП колеса,скорость ПЛ колеса,скорость ЗП колеса,скорость ЗЛ колеса,заданный момент двигателя,реализованный момент двигателя,ток Фазной Обмотки,ток Обмотки Возбуждения,температура тягового двигателя,температура инвертора,скорость двигателя,мощность двигателя,положение рейки перед,ток рейки перед,температура рейки перед,положение рейки зад,ток рейки зад,температура рейки зад,напряжение ТАБ высокое ,ток батареи ТАБ,16:58:06.302871
0.0,,0.0,0.0,0.0,0.0,0.0,0.27,38.75,31.25,0.0,0.0,-12.0,-2560.0,-40.0,-1.0,-2550.0,-40.0,357.2,-3273.06,16:58:06.328727
0.0,0.0,0.0,0.0,0.0,0.0,0.0,0.0,38.75,31.25,0.0,0.0,-12.0,-2560.0,-40.0,-1.0,-2550.0,-40.0,357.3,-3273.06,16:58:07.595372
0.0,0.0,0.0,0.0,0.0,0.0,0.0,0.27,38.75,31.25,0.0,0.0,-12.0,-2560.0,-40.0,-1.0,-2550.0,-40.0,357.3,-3272.96,16:58:08.944018
0.0,0.0,0.0,0.0,0.0,0.0,0.0,0.0,38.75,31.25,0.0,0.0,-12.0,-2560.0,-40.0,-1.0,-2550.0,-40.0,357.3,-3272.96,16:58:10.333933
0.0,0.0,0.0,0.0,0.0,0.0,0.0,0.27,38.75,31.25,0.0,0.0,-12.0,-2560.0,-40.0,-1.0,-2550.0,-40.0,357.3,-3272.66,16:58:11.628850
0.0,0.0,0.0,0.0,5.27,3.91,10.16,3.29,38.75,31.25,73.11,0.0,-12.0,-2560.0,-40.0,-1.0,-2550.0,-40.0,357.3,-3272.66,16:58:12.911630
0.89,0.92,0.89,0.9,3.0,3.91,10.16,3.29,38.75,31.25,165.31,0.0,-12.0,-2560.0,-40.0,-1.0,-2550.0,-40.0,357.3,-3272.66,16:58:14.268635
0.98,1.01,1.0,1.02,3.21,2.34,10.16,3.29,38.75,31.25,194.41,0.0,-12.0,-2560.0,-40.0,-1.0,-2550.0,-40.0,357.3,-3272.66,16:58:14.751595
1.26,1.14,1.11,1.11,2.0,2.34,10.16,3.02,38.75,31.25,221.67,0.0,-12.0,-2560.0,-40.0,-1.0,-2550.0,-40.0,357.3,-3272.66,16:58:15.141315
1.27,1.14,1.12,1.13,3.0,2.34,10.16,3.02,38.75,31.25,225.28,0.0,-12.0,-2560.0,-40.0,-1.0,-2550.0,-40.0,357.2,-3272.66,16:58:15.514113
1.25,1.18,1.19,1.17,2.0,1.56,5.08,2.75,38.75,31.25,230.01,0.0,-12.0,-2560.0,-40.0,-1.0,-2550.0,-40.0,357.2,-3272.66,16:58:15.932822
1.34,1.39,1.41,1.4,2.0,2.34,10.16,3.02,38.75,31.25,256.79,0.0,-12.0,-2560.0,-40.0,-1.0,-2550.0,-40.0,357.2,-3272.66,16:58:16.383729
1.83,1.88,1.92,1.88,1.0,1.56,5.08,2.75,38.75,31.25,336.22,0.0,-12.0,-2560.0,-40.0,-2.0,-2550.0,-40.0,357.2,-3272.66,16:58:16.866177
1.72,1.74,1.71,1.7,0.0,0.0,0.0,1.51,38.75,31.25,360.61,0.0,-12.0,-2560.0,-40.0,-2.0,-2550.0,-40.0,357.2,-3272.66,16:58:17.270205
1.5,1.48,1.46,1.45,1.0,0.0,0.0,1.51,38.75,31.25,251.56,0.0,-12.0,-2560.0,-40.0,-2.0,-2560.0,-40.0,357.2,-3272.66,16:58:17.645023
1.19,1.15,1.12,1.1,1.75,0.78,5.08,1.78,38.75,31.25,260.24,0.0,-12.0,-2560.0,-40.0,-2.0,-2560.0,-40.0,357.2,-3272.66,16:58:18.051349
0.89,0.95,0.9,0.9,5.0,3.91,10.16,2.75,38.75,31.25,286.48,0.0,-12.0,-2560.0,-40.0,-2.0,-2560.0,-40.0,357.2,-3272.66,16:58:18.415369
0.82,0.89,0.84,0.84,5.0,4.69,10.16,3.29,38.75,31.25,209.8,0.0,-12.0,-2560.0,-40.0,-2.0,-2560.0,-40.0,357.2,-3272.66,16:58:18.768247
0.89,0.9,0.88,0.88,6.0,5.47,10.16,3.29,38.75,31.25,182.75,0.0,-12.0,-2560.0,-40.0,-2.0,-2560.0,-40.0,357.2,-3272.66,16:58:19.141925
1.06,0.96,0.98,0.96,7.0,6.25,15.23,3.29,38.75,31.25,188.84,0.0,-12.0,-2560.0,-40.0,-2.0,-2560.0,-40.0,357.2,-3272.66,16:58:19.594165
1.1,1.11,1.08,1.1,6.57,5.47,10.16,3.29,38.75,31.25,211.81,0.0,-12.0,-2560.0,-40.0,-2.0,-2560.0,-40.0,357.2,-3272.66,16:58:19.958509
1.27,1.25,1.25,1.26,8.0,7.81,15.23,4.25,38.75,31.25,240.88,0.0,-12.0,-2560.0,-40.0,-2.0,-2550.0,-40.0,357.2,-3272.66,16:58:20.343640
1.56,1.42,1.4,1.41,6.0,5.47,10.16,3.02,38.75,31.25,275.74,0.0,-12.0,-2560.0,-40.0,-2.0,-2550.0,-40.0,357.2,-3272.66,16:58:20.716121
1.54,1.51,1.5,1.51,4.0,3.91,10.16,3.02,38.75,31.25,292.69,0.0,-12.0,-2560.0,-40.0,-2.0,-2550.0,-40.0,357.2,-3272.66,16:58:21.087921
1.49,1.52,1.54,1.54,5.0,4.69,10.16,3.02,38.75,31.25,301.05,0.0,-12.0,-2560.0,-40.0,-2.0,-2560.0,-40.0,357.2,-3272.66,16:58:21.480599
1.55,1.58,1.57,1.58,5.0,4.69,10.16,3.29,38.75,31.25,311.03,0.0,-12.0,-2560.0,-40.0,-2.0,-2550.0,-40.0,357.2,-3272.66,16:58:21.869154
1.7,1.63,1.61,1.63,4.0,4.69,10.16,3.02,38.75,31.25,326.66,0.0,-12.0,-2560.0,-40.0,-2.0,-2550.0,-40.0,357.2,-3272.66,16:58:22.258963
1.7,1.66,1.65,1.63,5.0,4.69,10.16,3.02,38.75,31.25,333.81,0.0,-12.0,-2560.0,-40.0,-2.0,-2560.0,-40.0,357.2,-3272.26,16:58:22.694096
1.73,1.68,1.65,1.67,4.0,3.91,10.16,3.02,38.75,31.25,330.29,0.0,-12.0,-2560.0,-40.0,-2.0,-2560.0,-40.0,357.2,-3272.26,16:58:23.072157
1.62,1.65,1.66,1.65,3.0,2.34,5.08,2.75,38.75,31.25,326.62,0.0,-12.0,-2560.0,-40.0,-2.0,-2560.0,-40.0,357.2,-3272.26,16:58:23.522460
1.65,1.5,1.58,1.52,3.36,2.34,5.08,2.75,38.75,31.25,306.72,0.0,-12.0,-2560.0,-40.0,-2.0,-2550.0,-40.0,357.2,-3272.26,16:58:23.912291
1.61,1.49,1.53,1.48,4.0,3.91,10.16,2.75,38.75,31.25,300.29,0.0,-12.0,-2560.0,-40.0,-2.0,-2550.0,-40.0,357.2,-3272.26,16:58:24.285984
1.44,1.45,1.44,1.45,4.0,3.91,10.16,3.02,38.75,31.25,293.07,0.0,-12.0,-2560.0,-40.0,-2.0,-2560.0,-40.0,357.2,-3272.26,16:58:24.672780
1.4,1.43,1.41,1.4,4.0,4.69,10.16,3.02,37.5,31.25,283.37,0.0,-12.0,-2560.0,-40.0,-2.0,-2550.0,-40.0,357.2,-3272.26,16:58:25.035634
1.45,1.41,1.4,1.41,6.0,5.47,10.16,3.29,37.5,31.25,283.76,0.0,-12.0,-2560.0,-40.0,-2.0,-2560.0,-40.0,357.2,-3272.26,16:58:25.393604
1.55,1.4,1.41,1.38,5.0,4.69,10.16,3.29,38.75,31.25,280.99,0.0,-12.0,-2560.0,-40.0,-2.0,-2550.0,-40.0,357.2,-3272.26,16:58:25.776446
1.55,1.47,1.46,1.45,6.0,5.47,10.16,3.29,38.75,31.25,288.36,0.0,-12.0,-2560.0,-40.0,-2.0,-2550.0,-40.0,357.2,-3272.26,16:58:26.213460
1.55,1.59,1.58,1.59,5.0,5.47,10.16,3.29,38.75,31.25,306.49,0.0,-12.0,-2560.0,-40.0,-2.0,-2560.0,-40.0,357.2,-3272.26,16:58:26.604630
1.67,1.66,1.63,1.65,5.0,4.69,10.16,3.29,38.75,31.25,325.13,0.0,-12.0,-2560.0,-40.0,-2.0,-2560.0,-40.0,357.2,-3272.26,16:58:26.979039
1.79,1.71,1.71,1.73,0.0,2.34,5.08,3.02,38.75,31.25,337.75,0.0,-12.0,-2560.0,-40.0,-2.0,-2550.0,-40.0,357.2,-3272.26,16:58:27.351935
1.66,1.65,1.63,1.63,-4.0,-0.78,5.08,1.78,38.75,31.25,283.27,-0.0,-12.0,-2560.0,-40.0,-2.0,-2550.0,-40.0,357.2,-3272.26,16:58:27.742171
1.16,1.17,1.1,1.09,-3.0,-3.91,10.16,2.75,38.75,31.25,290.55,-0.0,-12.0,-2560.0,-40.0,-2.0,-2550.0,-40.0,357.2,-3272.26,16:58:28.115316
0.82,0.79,0.84,0.8,-2.0,-1.56,5.08,2.75,38.75,31.25,204.25,-0.0,-12.0,-2560.0,-40.0,-2.0,-2550.0,-40.0,357.4,-3273.66,16:58:28.631888
0.38,0.47,0.84,0.44,-1.0,-0.78,5.08,1.78,38.75,31.25,131.63,-0.0,-12.0,-2560.0,-40.0,-2.0,-2550.0,-40.0,357.4,-3273.66,16:58:29.143114
0.21,0.29,0.29,0.2,-5.69,-1.56,5.08,1.51,38.75,31.25,114.22,-0.0,-12.0,-2560.0,-40.0,-2.0,-2560.0,-40.0,357.4,-3273.66,16:58:29.563982
0.15,0.15,0.15,0.15,-7.0,-4.69,10.16,3.29,38.75,31.25,110.63,-0.0,-12.0,-2560.0,-40.0,-2.0,-2560.0,-40.0,357.4,-3273.66,16:58:29.936945
0.0,0.0,0.0,0.0,-10.81,-8.59,15.23,4.25,38.75,31.25,110.6,-0.0,-12.0,-2560.0,-40.0,-2.0,-2560.0,-40.0,357.4,-3273.66,16:58:30.329117
0.0,0.0,0.0,0.0,-19.0,-15.62,35.55,7.55,38.75,31.25,21.84,0.0,-12.0,-2560.0,-40.0,-2.0,-2560.0,-40.0,357.4,-3273.66,16:58:30.704700
0.72,0.49,0.58,0.63,-21.0,-19.53,45.7,9.47,38.75,31.25,115.04,0.0,-12.0,-2560.0,-40.0,-2.0,-2550.0,-40.0,357.4,-3273.66,16:58:31.078993
1.4,1.36,1.5,1.48,-3.0,-2.34,5.08,3.02,38.75,31.25,206.66,0.0,-12.0,-2560.0,-40.0,-2.0,-2550.0,-40.0,357.4,-3273.66,16:58:31.547431
1.08,1.14,1.07,1.07,-3.0,-1.56,5.08,1.78,38.75,31.25,250.2,0.0,-12.0,-2560.0,-40.0,-2.0,-2550.0,-40.0,357.4,-3273.66,16:58:31.918348
0.77,0.82,0.75,0.75,-3.0,-4.69,10.16,2.75,38.75,31.25,177.73,0.0,-12.0,-2560.0,-40.0,-2.0,-2550.0,-40.0,357.3,-3273.26,16:58:32.386240
0.46,0.82,0.46,0.44,-9.0,-7.81,15.23,3.29,38.75,31.25,126.47,0.0,-12.0,-2560.0,-40.0,-2.0,-2550.0,-40.0,357.3,-3273.26,16:58:32.806795
0.38,0.43,0.39,0.4,-13.0,-11.72,20.31,4.94,38.75,31.25,100.1,0.0,-12.0,-2560.0,-40.0,-2.0,-2550.0,-40.0,357.3,-3273.26,16:58:33.197704
0.74,0.75,0.77,0.75,0.0,-13.28,30.47,6.45,38.75,31.25,130.94,0.0,-12.0,-2560.0,-40.0,-2.0,-2560.0,-40.0,357.3,-3273.26,16:58:33.572265
0.83,0.82,0.83,0.85,2.0,1.56,5.08,2.75,38.75,31.25,87.49,-0.0,-12.0,-2560.0,-40.0,-2.0,-2560.0,-40.0,357.3,-3273.26,16:58:33.960081
0.35,0.45,0.52,0.61,1.0,1.56,5.08,1.78,38.75,31.25,91.8,-0.0,-12.0,-2560.0,-40.0,-2.0,-2560.0,-40.0,357.3,-3273.56,16:58:34.410951
0.19,0.15,0.15,0.15,0.0,0.78,5.08,1.78,38.75,31.25,93.7,-0.0,-12.0,-2560.0,-40.0,-2.0,-2550.0,-40.0,357.3,-3273.56,16:58:34.802063
0.15,0.0,0.0,0.0,0.0,0.0,0.0,1.51,38.75,31.25,93.7,0.0,-12.0,-2560.0,-40.0,-2.0,-2550.0,-40.0,357.3,-3273.56,16:58:35.193218
0.0,0.0,0.0,0.0,3.66,0.78,5.08,1.24,38.75,31.25,2.76,0.0,-12.0,-2560.0,-40.0,-2.0,-2550.0,-40.0,357.4,-3273.66,16:58:35.581039
0.0,0.0,0.0,0.0,4.0,3.91,10.16,3.29,38.75,31.25,1.77,0.0,-12.0,-2560.0,-40.0,-2.0,-2550.0,-40.0,357.4,-3273.66,16:58:35.970244
0.0,0.0,0.0,0.0,4.0,3.91,10.16,3.29,38.75,31.25,4.57,0.0,-12.0,-2560.0,-40.0,-2.0,-2560.0,-40.0,357.3,-3273.66,16:58:36.388079
0.0,0.0,0.0,0.0,7.0,5.47,15.23,3.29,38.75,31.25,5.17,0.0,-12.0,-2560.0,-40.0,-2.0,-2560.0,-40.0,357.3,-3273.66,16:58:36.867779
0.0,0.24,0.17,0.0,9.0,8.59,20.31,5.76,38.75,31.25,28.98,0.0,-12.0,-2560.0,-40.0,-2.0,-2560.0,-40.0,357.3,-3273.66,16:58:37.335505
0.49,0.62,0.57,0.62,8.0,7.81,20.31,4.53,38.75,31.25,90.98,0.0,-12.0,-2560.0,-40.0,-2.0,-2560.0,-40.0,357.3,-3273.66,16:58:37.740956
0.98,0.93,0.92,0.93,6.0,6.25,15.23,4.53,38.75,31.25,90.98,0.0,-12.0,-2560.0,-40.0,-2.0,-2550.0,-40.0,357.3,-3273.66,16:58:38.239025
1.1,1.12,1.13,1.13,4.0,3.91,10.16,3.29,38.75,31.25,209.88,0.0,-12.0,-2560.0,-40.0,-2.0,-2550.0,-40.0,357.3,-3273.66,16:58:38.734471
1.1,1.16,1.16,1.17,1.0,0.78,5.08,2.75,38.75,31.25,226.53,0.0,-12.0,-2560.0,-40.0,-2.0,-2550.0,-40.0,357.3,-3273.66,16:58:39.141060
1.01,1.04,1.04,1.03,1.0,0.78,5.08,1.78,38.75,31.25,216.95,0.0,-12.0,-2560.0,-40.0,-2.0,-2550.0,-40.0,357.3,-3273.66,16:58:39.561013
1.01,0.95,0.92,0.94,2.0,1.56,5.08,2.75,38.75,31.25,193.32,0.0,-12.0,-2550.0,-40.0,-2.0,-2550.0,-40.0,357.3,-3273.66,16:58:39.936981
1.01,0.86,0.82,0.85,4.0,2.34,10.16,3.02,38.75,31.25,178.85,0.0,-12.0,-2560.0,-40.0,-2.0,-2560.0,-40.0,357.3,-3273.66,16:58:40.449837
0.89,0.88,0.88,0.87,5.0,7.81,20.31,4.53,38.75,31.25,178.85,0.0,-12.0,-2560.0,-40.0,-2.0,-2550.0,-40.0,357.3,-3273.66,16:58:40.855195
1.19,1.09,1.11,1.07,0.0,3.91,10.16,3.29,38.75,31.25,203.14,0.0,-12.0,-2560.0,-40.0,-2.0,-2550.0,-40.0,357.3,-3273.66,16:58:41.228694
0.92,0.94,0.93,0.95,-2.0,-3.91,10.16,3.02,38.75,31.25,159.71,-0.0,-12.0,-2550.0,-40.0,-2.0,-2550.0,-40.0,357.3,-3273.66,16:58:41.682960
0.61,0.53,0.45,0.44,-1.0,-1.56,5.08,3.02,38.75,31.25,156.61,-0.0,-12.0,-2560.0,-40.0,-2.0,-2550.0,-40.0,357.3,-3273.66,16:58:42.069126
0.34,0.3,0.27,0.41,0.0,-0.78,0.0,1.51,38.75,31.25,118.12,-0.0,-12.0,-2560.0,-40.0,-2.0,-2550.0,-40.0,357.3,-3273.66,16:58:42.614518
0.0,0.15,0.15,0.0,0.0,0.0,0.0,0.27,38.75,31.25,117.19,0.0,-12.0,-2560.0,-40.0,-2.0,-2550.0,-40.0,357.3,-3273.66,16:58:43.036038
0.0,0.15,0.0,0.0,0.0,0.0,0.0,0.27,38.75,31.25,8.07,0.0,-12.0,-2560.0,-40.0,-2.0,-2550.0,-40.0,357.3,-3273.66,16:58:43.549835
0.0,0.0,0.0,0.0,0.0,0.0,0.0,0.27,38.75,31.25,0.08,0.0,-12.0,-2560.0,-40.0,-2.0,-2550.0,-40.0,357.3,-3273.66,16:58:44.096005
0.0,0.0,0.0,0.0,0.0,0.0,0.0,0.27,38.75,31.25,0.0,0.0,-12.0,-2560.0,-40.0,-2.0,-2550.0,-40.0,357.3,-3273.66,16:58:44.468336
0.0,0.0,0.0,0.0,0.0,0.0,0.0,0.27,38.75,31.25,0.0,0.0,-12.0,-2560.0,-40.0,-2.0,-2560.0,-40.0,357.3,-3273.66,16:58:44.928617
0.0,0.0,0.0,0.0,1.0,0.0,0.0,0.27,38.75,31.25,0.0,0.0,-12.0,-2560.0,-40.0,-2.0,-2550.0,-40.0,357.3,-3273.66,16:58:45.268559
0.0,0.0,0.0,0.0,4.0,3.91,10.16,2.75,38.75,31.25,0.0,0.0,-12.0,-2560.0,-40.0,-2.0,-2550.0,-40.0,357.3,-3273.66,16:58:45.669080
0.35,0.0,0.0,0.0,6.0,5.47,15.23,4.53,38.75,31.25,9.4,0.0,93.0,-2540.0,-40.0,-74.0,-2520.0,-40.0,357.3,-3273.66,16:58:46.057982
0.58,0.16,0.0,0.21,5.0,4.69,10.16,4.25,38.75,31.25,152.49,0.0,93.0,-2540.0,-40.0,-13.0,-2510.0,-40.0,357.3,-3273.66,16:58:46.574987
0.55,0.41,0.48,0.37,3.0,1.56,10.16,2.75,38.75,31.25,105.17,0.0,59.0,-2540.0,-40.0,-28.0,-2550.0,-40.0,357.3,-3273.66,16:58:47.227843
0.24,0.27,0.24,0.37,4.0,0.78,5.08,1.51,38.75,31.25,84.27,0.0,50.0,-10.0,-40.0,29.0,-2540.0,-40.0,357.4,-3273.96,16:58:47.695897
0.15,0.15,0.15,0.0,5.0,4.69,15.23,3.29,38.75,31.25,84.27,0.0,50.0,-10.0,-40.0,-1.0,-2540.0,-40.0,357.4,-3273.96,16:58:48.163631
0.18,0.23,0.0,0.21,8.0,6.25,15.23,4.53,38.75,31.25,71.57,0.0,50.0,-2530.0,-40.0,-406.0,-2490.0,-40.0,357.4,-3273.96,16:58:48.707584
0.58,0.59,0.55,0.52,8.0,6.25,15.23,4.53,38.75,31.25,88.65,0.0,504.0,-2500.0,-40.0,-496.0,-2510.0,-40.0,357.4,-3273.96,16:58:49.111218
0.68,0.87,0.84,0.72,14.09,10.16,25.39,5.9,38.75,31.25,130.04,0.0,504.0,-2510.0,-40.0,-744.0,-2510.0,-40.0,357.2,-3271.96,16:58:49.549207
1.21,1.64,1.51,1.3,2.0,14.84,35.55,7.55,38.75,31.25,130.04,0.0,854.0,-2510.0,-40.0,-905.0,-2520.0,-40.0,357.2,-3271.96,16:58:49.955657
1.12,1.45,1.49,0.98,-1.0,0.0,0.0,2.75,38.75,31.25,186.38,-0.0,856.0,-2500.0,-40.0,-311.0,-2500.0,-40.0,357.2,-3271.96,16:58:50.375963
0.9,0.78,0.85,0.68,-1.0,-0.78,5.08,1.78,38.75,31.25,208.23,-0.0,316.0,-40.0,-40.0,-69.0,-2500.0,-40.0,357.2,-3271.96,16:58:50.765630
0.49,0.78,0.52,0.51,-1.0,-0.78,5.08,1.51,38.75,31.25,151.02,-0.0,141.0,-40.0,-40.0,7.0,-2510.0,-40.0,357.2,-3271.96,16:58:51.202814
0.32,0.42,0.35,0.32,-1.0,-0.78,5.08,1.78,38.75,31.25,128.19,-0.0,22.0,-40.0,-40.0,-10.0,-2540.0,-40.0,357.2,-3271.96,16:58:51.671406
0.28,0.24,0.18,0.16,0.0,0.0,0.0,1.24,38.75,31.25,95.67,0.0,28.0,-30.0,-40.0,-10.0,-2540.0,-40.0,357.2,-3271.96,16:58:52.096043
0.15,0.15,0.0,0.0,0.0,0.0,0.0,0.27,38.75,31.25,93.52,0.0,168.0,-30.0,-40.0,-84.0,-2540.0,-40.0,357.2,-3271.96,16:58:52.533423
0.52,0.29,0.0,0.0,0.0,0.0,0.0,0.27,38.75,31.25,93.51,0.0,27.0,-10.0,-40.0,-11.0,-2540.0,-40.0,357.2,-3271.96,16:58:52.907010
0.27,0.51,0.0,0.0,0.0,0.0,0.0,0.27,38.75,31.25,2.49,0.0,50.0,-20.0,-40.0,-11.0,-2550.0,-40.0,357.2,-3271.96,16:58:53.327672
0.0,0.15,0.0,0.0,0.0,0.0,0.0,0.27,38.75,31.25,0.02,0.0,50.0,-10.0,-40.0,-64.0,-2530.0,-40.0,357.2,-3271.96,16:58:53.778973
0.61,0.0,0.0,0.0,7.92,4.69,15.23,2.75,40.0,31.25,0.0,0.0,227.0,-2550.0,-40.0,-317.0,-2520.0,-40.0,357.2,-3271.96,16:58:54.168769
0.98,0.0,0.0,0.0,31.0,14.06,35.55,10.98,40.0,31.25,132.98,0.01,385.0,-2510.0,-40.0,-533.0,-2460.0,-40.0,357.2,-3271.96,16:58:54.557858
1.47,1.95,1.8,1.48,22.0,32.03,60.94,11.8,38.75,31.25,327.97,0.02,694.0,-2490.0,-40.0,-764.0,-2470.0,-40.0,357.2,-3271.96,16:58:54.935340
2.14,2.8,2.86,2.2,0.0,0.0,0.0,3.29,38.75,31.25,339.09,0.0,826.0,-2520.0,-40.0,-776.0,-2510.0,-40.0,357.2,-3271.96,16:58:55.309386
1.51,2.0,1.95,1.44,2.97,0.0,0.0,1.78,38.75,31.25,500.69,0.0,828.0,-2530.0,-40.0,-752.0,-2520.0,-40.0,357.2,-3271.96,16:58:55.729445
1.25,1.78,1.57,1.2,39.0,10.94,20.31,4.25,38.75,31.25,334.09,0.0,956.0,-2540.0,-40.0,-875.0,-2530.0,-40.0,357.2,-3273.46,16:58:56.106540
1.56,2.19,2.21,1.61,33.0,26.56,50.78,10.29,38.75,31.25,367.08,0.01,963.0,-2510.0,-40.0,-924.0,-2530.0,-40.0,357.2,-3273.46,16:58:56.541919
2.8,3.88,3.87,2.78,29.0,35.94,66.02,13.31,38.75,31.25,598.28,0.03,963.0,-2510.0,-40.0,-924.0,-2530.0,-40.0,357.2,-3273.46,16:58:56.930526
3.49,4.89,4.92,3.59,9.0,17.19,30.47,7.55,38.75,31.25,773.72,0.02,962.0,-2510.0,-40.0,-924.0,-2530.0,-40.0,357.2,-3273.46,16:58:57.382429
3.41,4.65,4.68,3.39,11.54,10.16,20.31,4.94,38.75,31.25,807.1,0.01,963.0,-2500.0,-40.0,-924.0,-2530.0,-40.0,357.2,-3273.46,16:58:57.772290
3.4,4.66,4.61,3.35,17.0,16.41,30.47,6.45,38.75,31.25,811.59,0.02,963.0,-2500.0,-40.0,-924.0,-2530.0,-40.0,357.2,-3273.46,16:58:58.162846
3.41,4.61,4.67,3.41,10.0,10.16,20.31,4.94,38.75,31.25,778.72,0.01,963.0,-2500.0,-40.0,-924.0,-2530.0,-40.0,357.2,-3273.46,16:58:58.614561
3.41,3.99,4.03,3.41,6.86,3.91,10.16,3.02,38.75,31.25,678.1,0.0,963.0,-2500.0,-40.0,-924.0,-2530.0,-40.0,357.2,-3273.46,16:58:59.206650
2.52,3.32,3.23,2.39,26.0,23.44,40.62,7.55,38.75,31.25,618.73,0.02,963.0,-2510.0,-40.0,-924.0,-2530.0,-40.0,357.2,-3273.46,16:58:59.597898
2.93,3.93,3.91,2.87,12.0,17.19,30.47,7.55,38.75,31.25,650.11,0.01,963.0,-2510.0,-40.0,-924.0,-2530.0,-40.0,357.2,-3273.46,16:58:59.972093
2.79,3.81,3.8,2.78,11.12,10.16,20.31,4.94,38.75,31.25,660.03,0.01,963.0,-2510.0,-40.0,-924.0,-2530.0,-40.0,357.2,-3273.46,16:59:00.455821
2.75,3.76,3.69,2.68,22.0,18.75,35.55,6.45,38.75,31.25,651.31,0.01,963.0,-2510.0,-40.0,-924.0,-2530.0,-40.0,357.2,-3273.46,16:59:00.876138
2.89,3.88,3.87,2.81,16.0,13.28,30.47,6.04,38.75,31.25,677.82,0.01,963.0,-2500.0,-40.0,-924.0,-2530.0,-40.0,357.2,-3273.46,16:59:01.341976
2.71,3.71,3.81,2.73,10.75,10.16,20.31,4.94,38.75,31.25,636.04,0.01,963.0,-2500.0,-40.0,-924.0,-2530.0,-40.0,356.7,-3267.76,16:59:01.746084
2.46,3.41,3.38,2.48,13.81,13.28,25.39,5.76,38.75,31.25,600.98,0.01,963.0,-2500.0,-40.0,-924.0,-2530.0,-40.0,356.7,-3267.76,16:59:02.134857
2.26,3.1,3.11,2.26,14.0,11.72,20.31,4.94,38.75,31.25,534.94,0.01,963.0,-2500.0,-40.0,-924.0,-2530.0,-40.0,356.7,-3267.76,16:59:02.508407
2.25,3.04,2.99,2.16,17.0,16.41,30.47,6.45,38.75,31.25,528.66,0.01,963.0,-2500.0,-40.0,-924.0,-2530.0,-40.0,356.7,-3267.76,16:59:03.040304
2.2,3.04,3.06,2.2,16.0,14.84,25.39,6.04,38.75,31.25,517.38,0.01,963.0,-2500.0,-40.0,-924.0,-2530.0,-40.0,356.7,-3267.76,16:59:03.429504
2.29,3.06,3.03,2.21,16.0,15.62,30.47,6.45,38.75,31.25,526.73,0.01,963.0,-2510.0,-40.0,-924.0,-2530.0,-40.0,356.7,-3267.76,16:59:03.848933
2.18,2.97,2.91,2.14,17.0,13.28,25.39,5.76,38.75,31.25,512.23,0.01,963.0,-2510.0,-40.0,-924.0,-2530.0,-40.0,356.7,-3267.76,16:59:04.237270
2.15,3.01,2.95,2.16,14.0,16.41,30.47,6.45,38.75,31.25,523.82,0.01,963.0,-2510.0,-40.0,-924.0,-2530.0,-40.0,356.8,-3269.06,16:59:04.673813
2.17,2.81,2.8,2.05,11.0,11.72,20.31,5.76,38.75,31.25,498.13,0.01,963.0,-2500.0,-40.0,-924.0,-2530.0,-40.0,356.8,-3269.06,16:59:05.140019
1.69,2.26,2.22,1.65,12.0,10.16,20.31,4.94,38.75,31.25,420.23,0.01,963.0,-2510.0,-40.0,-924.0,-2530.0,-40.0,356.8,-3269.06,16:59:05.512811
1.33,1.89,1.85,1.36,14.12,11.72,20.31,4.94,38.75,31.25,345.54,0.01,963.0,-2510.0,-40.0,-924.0,-2530.0,-40.0,356.8,-3269.06,16:59:05.890268
1.33,1.67,1.67,1.23,24.0,14.84,25.39,6.04,38.75,31.25,296.76,0.01,963.0,-2500.0,-40.0,-924.0,-2530.0,-40.0,356.8,-3269.06,16:59:06.389310
1.41,1.91,1.89,1.23,22.0,22.66,40.62,7.96,38.75,31.25,320.58,0.01,963.0,-2500.0,-40.0,-924.0,-2530.0,-40.0,356.8,-3269.06,16:59:06.838412
1.62,2.21,2.17,1.58,14.0,16.41,30.47,6.45,38.75,31.25,366.54,0.01,963.0,-2500.0,-40.0,-924.0,-2530.0,-40.0,356.8,-3269.06,16:59:07.213008
1.39,1.9,1.89,1.4,10.0,10.16,20.31,4.94,38.75,31.25,336.8,0.0,963.0,-2510.0,-40.0,-924.0,-2530.0,-40.0,356.8,-3270.86,16:59:07.617828
1.14,1.52,1.45,1.05,28.0,10.16,45.7,9.06,38.75,31.25,317.64,0.01,963.0,-2500.0,-40.0,-924.0,-2530.0,-40.0,356.8,-3270.86,16:59:08.082414
1.58,2.17,2.18,1.6,18.0,20.31,35.55,7.55,38.75,31.25,345.42,0.01,963.0,-2510.0,-40.0,-924.0,-2530.0,-40.0,356.8,-3270.86,16:59:08.470510
1.68,2.33,2.32,1.69,13.0,13.28,25.39,5.9,38.75,31.25,393.27,0.01,963.0,-2510.0,-40.0,-924.0,-2530.0,-40.0,356.8,-3270.86,16:59:08.861409
1.47,1.99,1.96,1.42,11.17,10.16,20.31,4.53,38.75,31.25,370.68,0.0,963.0,-2510.0,-40.0,-924.0,-2530.0,-40.0,356.8,-3270.86,16:59:09.329646
1.4,1.83,1.85,1.35,14.0,19.53,35.55,7.55,38.75,31.25,326.35,0.01,963.0,-2500.0,-40.0,-924.0,-2530.0,-40.0,357.0,-3271.56,16:59:09.732596
1.22,1.74,1.66,1.24,17.0,11.72,20.31,4.94,38.75,31.25,320.01,0.01,963.0,-2500.0,-40.0,-924.0,-2530.0,-40.0,357.0,-3271.56,16:59:10.156393
1.39,1.9,1.88,1.35,23.0,21.09,40.62,7.96,38.75,31.25,318.96,0.01,963.0,-2500.0,-40.0,-924.0,-2530.0,-40.0,357.0,-3271.56,16:59:10.593367
1.37,1.92,1.91,1.39,8.0,8.59,15.23,4.53,38.75,31.25,331.92,0.0,963.0,-2500.0,-40.0,-924.0,-2530.0,-40.0,357.0,-3271.56,16:59:10.983824
0.93,1.22,1.26,0.91,11.42,8.59,15.23,4.25,38.75,31.25,237.16,0.0,963.0,-2510.0,-40.0,-924.0,-2530.0,-40.0,357.0,-3271.56,16:59:11.526981
0.56,0.77,0.8,0.56,24.0,12.5,20.31,5.9,38.75,31.25,158.23,0.0,963.0,-2510.0,-40.0,-924.0,-2530.0,-40.0,357.0,-3271.56,16:59:11.900960
0.63,0.86,0.85,0.55,21.0,24.22,45.7,9.06,38.75,31.25,158.23,0.0,963.0,-2510.0,-40.0,-924.0,-2530.0,-40.0,357.0,-3271.56,16:59:12.350844
0.86,1.19,1.07,0.79,18.0,15.62,30.47,6.45,38.75,31.25,201.12,0.0,963.0,-2500.0,-40.0,-924.0,-2530.0,-40.0,357.0,-3271.56,16:59:12.726370
0.71,0.97,0.99,0.73,23.0,12.5,25.39,5.76,38.75,31.25,184.05,0.0,963.0,-2500.0,-40.0,-924.0,-2530.0,-40.0,357.0,-3271.56,16:59:13.142165
0.8,1.16,1.12,0.77,30.0,30.47,55.86,10.57,38.75,31.25,192.91,0.01,963.0,-2510.0,-40.0,-924.0,-2530.0,-40.0,356.8,-3268.16,16:59:13.529745
1.22,1.71,1.8,1.27,30.0,16.41,30.47,7.27,38.75,31.25,280.82,0.01,963.0,-2500.0,-40.0,-924.0,-2530.0,-40.0,356.8,-3268.16,16:59:14.218289
1.21,1.71,1.72,1.24,17.0,17.19,30.47,7.27,38.75,31.25,288.9,0.01,963.0,-2500.0,-40.0,-924.0,-2530.0,-40.0,356.8,-3268.16,16:59:14.605345
1.16,1.59,1.7,1.21,0.0,0.0,0.0,3.29,38.75,31.25,277.84,0.0,958.0,-2540.0,-40.0,-920.0,-2520.0,-40.0,356.8,-3268.16,16:59:14.996329
0.64,0.81,0.82,0.57,0.0,0.0,0.0,1.51,38.75,31.25,171.22,0.0,421.0,-60.0,-40.0,-333.0,-2510.0,-40.0,356.8,-3268.16,16:59:15.402010
0.46,0.47,0.63,0.23,0.0,0.0,0.0,1.51,38.75,31.25,131.74,0.0,-16.0,-100.0,-40.0,-49.0,-2520.0,-40.0,356.8,-3268.16,16:59:15.790009
0.15,0.15,0.15,0.23,0.0,0.0,0.0,0.27,38.75,31.25,112.95,0.0,43.0,-70.0,-40.0,42.0,-2510.0,-40.0,356.8,-3268.16,16:59:16.176744
0.0,0.0,0.0,0.0,0.0,0.0,0.0,0.27,38.75,31.25,111.82,0.0,43.0,-60.0,-40.0,42.0,-2520.0,-40.0,357.2,-3274.26,16:59:16.569171
0.0,0.0,0.0,0.0,0.0,0.0,0.0,0.27,40.0,31.25,62.41,0.0,43.0,-50.0,-40.0,42.0,-2520.0,-40.0,357.2,-3274.26,16:59:16.987611
0.0,0.0,0.0,0.0,0.0,0.0,0.0,0.27,40.0,31.25,1.35,0.0,43.0,-50.0,-40.0,42.0,-2520.0,-40.0,357.2,-3274.26,16:59:17.375416
0.0,0.0,0.0,0.0,0.0,0.0,0.0,0.27,40.0,31.25,0.02,0.0,43.0,-50.0,-40.0,42.0,-2520.0,-40.0,357.2,-3274.26,16:59:17.732330
0.0,0.0,0.0,0.0,0.0,0.0,0.0,0.27,40.0,31.25,0.0,0.0,43.0,-50.0,-40.0,42.0,-2520.0,-40.0,357.2,-3274.26,16:59:18.126258
0.0,0.0,0.0,0.0,0.0,0.0,0.0,0.27,40.0,31.25,0.0,0.0,43.0,-50.0,-40.0,42.0,-2520.0,-40.0,357.2,-3274.26,16:59:18.502390
0.0,0.0,0.0,0.0,0.0,0.0,0.0,0.27,40.0,31.25,0.0,0.0,-6.0,-80.0,-40.0,121.0,-2510.0,-40.0,357.2,-3274.26,16:59:18.892797
0.3,0.0,0.0,0.0,0.0,0.0,0.0,0.27,40.0,31.25,0.0,0.0,-143.0,-90.0,-40.0,255.0,-2490.0,-40.0,357.2,-3274.26,16:59:19.361312
0.33,0.0,0.0,0.0,0.0,0.0,0.0,0.27,40.0,31.25,0.2,0.0,-265.0,-80.0,-40.0,356.0,-2460.0,-40.0,357.2,-3274.26,16:59:19.734369
0.21,0.0,0.0,0.0,-4.06,-0.78,5.08,0.27,40.0,31.25,0.2,0.0,-531.0,-120.0,-40.0,672.0,-2480.0,-40.0,357.2,-3274.26,16:59:20.081526
0.2,0.0,0.16,0.0,-3.0,-3.91,10.16,3.02,40.0,31.25,3.61,0.0,-726.0,-110.0,-40.0,728.0,-2470.0,-40.0,357.1,-3272.26,16:59:20.455406
0.16,0.0,0.15,0.0,0.0,-3.91,10.16,4.25,40.0,31.25,100.86,0.0,-894.0,-120.0,-40.0,286.0,-2470.0,-40.0,357.1,-3272.26,16:59:20.939186
0.51,0.34,0.32,0.3,0.0,0.0,0.0,1.51,40.0,31.25,101.76,0.0,-416.0,-2540.0,-40.0,421.0,-2490.0,-40.0,357.1,-3272.26,16:59:21.344946
0.39,0.15,0.27,0.22,0.0,0.0,0.0,1.24,40.0,31.25,101.76,0.0,66.0,-2480.0,-40.0,-115.0,-2490.0,-40.0,357.1,-3272.26,16:59:21.766047
0.2,0.0,0.17,0.15,0.0,0.0,0.0,0.27,40.0,31.25,72.54,0.0,523.0,-2450.0,-40.0,-742.0,-2480.0,-40.0,357.1,-3272.26,16:59:22.172244
0.15,0.0,0.15,0.0,0.0,0.0,0.0,0.27,40.0,31.25,69.11,0.0,931.0,-2440.0,-40.0,-883.0,-2480.0,-40.0,357.1,-3272.76,16:59:22.624726
0.15,0.0,0.0,0.0,0.0,0.0,0.0,0.27,40.0,31.25,69.09,0.0,942.0,-2450.0,-40.0,-918.0,-2480.0,-40.0,357.1,-3272.76,16:59:23.090952
0.0,0.0,0.0,0.0,0.0,0.0,0.0,0.0,40.0,31.25,2.22,0.0,942.0,-2460.0,-40.0,-918.0,-2490.0,-40.0,357.2,-3273.66,16:59:23.481608
0.0,0.0,0.0,0.0,0.0,0.0,0.0,0.0,40.0,31.25,0.02,0.0,942.0,-2460.0,-40.0,-918.0,-2490.0,-40.0,357.2,-3273.66,16:59:24.047542
0.0,0.0,0.0,0.0,0.0,0.0,0.0,0.27,40.0,31.25,0.0,0.0,942.0,-2470.0,-40.0,-918.0,-2490.0,-40.0,357.2,-3273.66,16:59:24.438652
0.0,0.0,0.0,0.0,0.0,0.0,0.0,0.27,38.75,31.25,0.0,0.0,942.0,-2470.0,-40.0,-918.0,-2490.0,-40.0,357.2,-3273.66,16:59:24.842040
0.0,0.0,0.0,0.0,-8.84,-3.91,10.16,1.78,38.75,31.25,0.0,0.0,942.0,-2470.0,-40.0,-918.0,-2490.0,-40.0,357.2,-3273.66,16:59:25.279919
0.47,0.5,0.0,0.35,-29.0,-28.91,50.78,10.57,38.75,31.25,235.46,0.01,942.0,-2470.0,-40.0,-920.0,-2490.0,-40.0,357.2,-3273.66,16:59:25.671553
1.41,1.99,2.03,1.45,0.0,-27.34,50.78,4.25,38.75,31.25,235.46,0.0,966.0,-2480.0,-40.0,-955.0,-2510.0,-40.0,357.2,-3273.66,16:59:26.111376
0.91,1.15,0.95,0.81,-2.0,0.0,0.0,1.78,38.75,31.25,399.45,0.0,968.0,-2490.0,-40.0,-956.0,-2520.0,-40.0,357.2,-3273.96,16:59:26.490227
0.52,0.63,0.63,0.54,-6.0,-5.47,10.16,2.75,38.75,31.25,319.35,0.0,968.0,-2490.0,-40.0,-958.0,-2520.0,-40.0,357.2,-3273.96,16:59:26.876936
0.25,0.28,0.55,0.53,-13.62,-7.81,20.31,4.25,38.75,31.25,146.68,0.0,968.0,-2490.0,-40.0,-959.0,-2530.0,-40.0,357.2,-3273.96,16:59:27.265667
0.26,0.28,0.15,0.15,-26.0,-26.56,60.94,10.57,38.75,31.25,131.55,0.02,968.0,-2490.0,-40.0,-960.0,-2530.0,-40.0,357.2,-3273.96,16:59:27.656283
0.58,0.71,1.04,0.75,-27.0,-27.34,66.02,12.08,38.75,31.25,89.22,0.03,968.0,-2490.0,-40.0,-965.0,-2530.0,-40.0,357.2,-3273.96,16:59:28.045490
0.89,1.29,1.58,1.29,0.0,-16.41,35.55,7.27,38.75,31.25,105.82,0.0,968.0,-2490.0,-40.0,-968.0,-2540.0,-40.0,357.2,-3273.96,16:59:28.420951
0.78,1.06,1.23,0.9,0.0,0.0,0.0,2.75,40.0,31.25,263.1,0.0,968.0,-2490.0,-40.0,-968.0,-2540.0,-40.0,357.2,-3273.96,16:59:28.795084
0.43,0.61,0.31,0.76,0.0,0.0,0.0,1.78,40.0,31.25,228.08,0.0,968.0,-2490.0,-40.0,-968.0,-2540.0,-40.0,357.2,-3273.96,16:59:29.178883
0.17,0.15,0.29,0.18,0.0,0.0,0.0,1.24,40.0,31.25,50.4,0.0,968.0,-2490.0,-40.0,-968.0,-2540.0,-40.0,357.3,-3273.76,16:59:29.567098
0.0,0.0,0.15,0.15,-7.53,-1.56,5.08,1.78,40.0,31.25,32.15,0.0,968.0,-2490.0,-40.0,-968.0,-2540.0,-40.0,357.3,-3273.76,16:59:29.944712
0.0,0.0,0.0,0.0,-10.3,-9.38,15.23,4.53,40.0,31.25,31.74,0.0,968.0,-2490.0,-40.0,-968.0,-2540.0,-40.0,357.3,-3273.76,16:59:30.305242
0.0,0.0,0.0,0.0,-20.0,-14.84,35.55,7.55,40.0,31.25,107.87,0.0,968.0,-2490.0,-40.0,-968.0,-2540.0,-40.0,357.3,-3273.76,16:59:30.676587
0.46,0.95,0.63,0.44,-19.0,-18.75,35.55,7.55,38.75,31.25,243.08,0.01,968.0,-2490.0,-40.0,-968.0,-2540.0,-40.0,357.3,-3273.76,16:59:31.051519
0.98,1.42,1.33,0.95,-16.0,-18.75,35.55,7.41,38.75,31.25,245.79,0.01,968.0,-2490.0,-40.0,-968.0,-2540.0,-40.0,357.0,-3270.86,16:59:31.425342
1.19,1.66,1.63,1.14,-15.0,-15.62,30.47,6.04,40.0,31.25,266.23,0.01,968.0,-2490.0,-40.0,-968.0,-2540.0,-40.0,357.0,-3270.86,16:59:31.797680
1.29,1.82,1.77,1.29,-14.67,-11.72,20.31,4.94,40.0,31.25,297.36,0.0,968.0,-2490.0,-40.0,-968.0,-2540.0,-40.0,357.0,-3270.86,16:59:32.187118
1.4,1.96,1.85,1.37,-17.0,-16.41,30.47,6.45,40.0,31.25,328.29,0.01,968.0,-2490.0,-40.0,-968.0,-2540.0,-40.0,357.0,-3270.86,16:59:32.576159
1.53,2.04,1.99,1.44,-19.0,-17.97,30.47,7.41,38.75,31.25,353.22,0.01,968.0,-2490.0,-40.0,-968.0,-2540.0,-40.0,357.0,-3270.86,16:59:32.949552
1.65,2.22,2.16,1.53,-19.0,-17.97,30.47,7.27,38.75,31.25,374.12,0.01,968.0,-2490.0,-40.0,-968.0,-2540.0,-40.0,357.0,-3270.86,16:59:33.340070
1.68,2.38,2.34,1.7,-18.0,-16.41,30.47,7.27,38.75,31.25,389.26,0.01,968.0,-2490.0,-40.0,-968.0,-2540.0,-40.0,357.0,-3270.86,16:59:33.729869
1.8,2.52,2.6,1.76,-18.0,-16.41,30.47,6.45,38.75,31.25,427.98,0.01,968.0,-2490.0,-40.0,-968.0,-2540.0,-40.0,357.0,-3270.86,16:59:34.102669
1.89,2.63,2.54,1.84,-17.0,-17.97,30.47,6.45,38.75,31.25,443.59,0.01,968.0,-2490.0,-40.0,-968.0,-2540.0,-40.0,356.7,-3269.16,16:59:34.724697
2.05,2.84,2.81,2.03,-14.0,-15.62,30.47,6.45,38.75,31.25,484.03,0.01,968.0,-2490.0,-40.0,-968.0,-2540.0,-40.0,356.7,-3269.16,16:59:35.100452
2.07,2.84,2.8,1.99,-16.0,-14.84,25.39,6.04,38.75,31.25,492.13,0.01,968.0,-2490.0,-40.0,-968.0,-2540.0,-40.0,356.7,-3269.16,16:59:35.476318
2.03,2.82,2.79,2.0,-15.0,-14.84,25.39,5.76,38.75,31.25,482.78,0.01,968.0,-2490.0,-40.0,-968.0,-2540.0,-40.0,356.7,-3269.16,16:59:35.924924
2.06,2.82,2.83,2.0,-16.0,-14.84,25.39,5.9,38.75,31.25,483.15,0.01,968.0,-2490.0,-40.0,-968.0,-2540.0,-40.0,356.7,-3269.16,16:59:36.300417
2.16,2.9,2.88,2.02,-16.0,-15.62,30.47,6.45,38.75,31.25,497.03,0.01,968.0,-2490.0,-40.0,-968.0,-2540.0,-40.0,356.8,-3269.56,16:59:36.734950
2.16,2.95,2.89,2.06,-16.0,-15.62,30.47,6.45,38.75,31.25,507.6,0.01,968.0,-2490.0,-40.0,-968.0,-2540.0,-40.0,356.8,-3269.56,16:59:37.111873
2.09,2.91,2.87,2.04,-16.0,-15.62,30.47,6.45,38.75,31.25,494.57,0.01,968.0,-2490.0,-40.0,-968.0,-2540.0,-40.0,356.8,-3269.56,16:59:37.499645
2.07,2.9,2.84,2.04,-18.0,-16.41,30.47,6.45,38.75,31.25,491.46,0.01,968.0,-2490.0,-40.0,-968.0,-2540.0,-40.0,356.8,-3269.56,16:59:37.889202
2.15,2.99,2.87,2.07,-20.0,-19.53,35.55,7.41,38.75,31.25,509.95,0.01,968.0,-2490.0,-40.0,-968.0,-2540.0,-40.0,356.8,-3269.56,16:59:38.276225
2.32,3.24,3.16,2.27,-19.0,-19.53,35.55,7.27,38.75,31.25,536.89,0.01,968.0,-2490.0,-40.0,-968.0,-2540.0,-40.0,356.8,-3269.56,16:59:38.746195
2.54,3.47,3.5,2.4,-20.0,-20.31,35.55,7.96,38.75,31.25,595.56,0.02,968.0,-2490.0,-40.0,-968.0,-2540.0,-40.0,356.8,-3269.56,16:59:39.132920
2.66,3.72,3.56,2.6,-20.0,-19.53,35.55,7.55,38.75,31.25,623.73,0.02,968.0,-2490.0,-40.0,-968.0,-2540.0,-40.0,356.5,-3266.86,16:59:39.583793
2.85,3.81,3.72,2.74,-16.0,-16.41,30.47,6.45,38.75,31.25,652.55,0.01,968.0,-2490.0,-40.0,-968.0,-2540.0,-40.0,356.5,-3266.86,16:59:39.970244
2.59,3.52,3.53,2.54,-3.03,-5.47,5.08,3.02,38.75,31.25,596.42,0.0,968.0,-2490.0,-40.0,-968.0,-2540.0,-40.0,356.5,-3266.86,16:59:40.359906
1.98,2.73,2.7,1.92,-14.0,-8.59,15.23,4.25,38.75,31.25,508.05,0.01,968.0,-2490.0,-40.0,-968.0,-2540.0,-40.0,356.5,-3266.86,16:59:40.750630
1.73,2.4,2.44,1.72,-15.0,-13.28,25.39,5.9,40.0,31.25,424.84,0.01,968.0,-2490.0,-40.0,-968.0,-2540.0,-40.0,356.5,-3266.86,16:59:41.140073
1.55,2.2,2.12,1.58,-16.0,-13.28,25.39,5.9,40.0,31.25,378.54,0.01,968.0,-2490.0,-40.0,-968.0,-2540.0,-40.0,356.5,-3266.86,16:59:41.526726
1.47,2.02,1.96,1.4,-24.0,-21.88,40.62,7.96,38.75,31.25,363.62,0.01,968.0,-2490.0,-40.0,-968.0,-2540.0,-40.0,356.5,-3266.86,16:59:41.900378
1.7,2.42,2.33,1.68,-22.0,-22.66,40.62,7.96,38.75,31.25,381.62,0.01,968.0,-2490.0,-40.0,-968.0,-2540.0,-40.0,356.5,-3266.86,16:59:42.272355
1.83,2.52,2.51,1.83,-14.68,-12.5,25.39,5.9,38.75,31.25,411.87,0.01,968.0,-2490.0,-40.0,-968.0,-2540.0,-40.0,356.5,-3266.86,16:59:42.662922
1.64,2.34,2.35,1.64,-16.0,-14.84,25.39,6.04,38.75,31.25,403.28,0.01,968.0,-2490.0,-40.0,-968.0,-2540.0,-40.0,356.5,-3266.86,16:59:43.049915
1.71,2.31,2.3,1.63,-21.0,-17.97,30.47,6.45,38.75,31.25,401.51,0.01,968.0,-2490.0,-40.0,-968.0,-2540.0,-40.0,356.5,-3266.86,16:59:43.473122
1.84,2.49,2.44,1.76,-19.0,-19.53,35.55,7.55,40.0,31.25,414.37,0.01,968.0,-2490.0,-40.0,-968.0,-2540.0,-40.0,356.5,-3266.86,16:59:43.860474
1.84,2.59,2.54,1.78,-19.0,-18.75,35.55,7.27,40.0,31.25,435.56,0.01,968.0,-2490.0,-40.0,-968.0,-2540.0,-40.0,356.5,-3266.86,16:59:44.250417
1.82,2.63,2.49,1.86,-19.0,-18.75,35.55,7.27,40.0,31.25,442.22,0.01,968.0,-2490.0,-40.0,-968.0,-2540.0,-40.0,356.6,-3268.76,16:59:44.623571
1.9,2.58,2.58,1.85,-18.0,-18.75,35.55,7.27,40.0,31.25,453.5,0.01,968.0,-2490.0,-40.0,-968.0,-2540.0,-40.0,356.6,-3268.76,16:59:44.984379
1.85,2.59,2.55,1.83,-18.0,-16.41,30.47,6.45,40.0,31.25,445.85,0.01,968.0,-2490.0,-40.0,-968.0,-2540.0,-40.0,356.6,-3268.76,16:59:45.375163
1.83,2.52,2.45,1.8,-19.0,-17.97,35.55,7.41,40.0,31.25,437.22,0.01,968.0,-2490.0,-40.0,-968.0,-2540.0,-40.0,356.6,-3268.76,16:59:45.746500
1.85,2.57,2.6,1.81,-18.0,-17.97,30.47,7.27,40.0,31.25,438.31,0.01,968.0,-2490.0,-40.0,-968.0,-2540.0,-40.0,356.6,-3268.76,16:59:46.123682
1.82,2.49,2.46,1.77,-17.0,-16.41,30.47,6.45,40.0,31.25,430.48,0.01,968.0,-2490.0,-40.0,-968.0,-2540.0,-40.0,356.6,-3268.76,16:59:46.498673
1.72,2.37,2.37,1.71,-17.0,-16.41,30.47,6.45,40.0,31.25,413.03,0.01,968.0,-2490.0,-40.0,-968.0,-2540.0,-40.0,356.6,-3268.76,16:59:46.875047
1.71,2.4,2.37,1.68,-19.0,-18.75,30.47,6.45,40.0,31.25,414.01,0.01,968.0,-2490.0,-40.0,-968.0,-2540.0,-40.0,356.6,-3268.76,16:59:47.250868
1.71,2.34,2.34,1.66,-19.0,-18.75,35.55,7.27,40.0,31.25,404.78,0.01,968.0,-2490.0,-40.0,-968.0,-2540.0,-40.0,356.7,-3269.56,16:59:47.641988
1.69,2.34,2.32,1.67,-19.0,-18.75,35.55,7.41,38.75,31.25,403.68,0.01,968.0,-2490.0,-40.0,-968.0,-2540.0,-40.0,356.7,-3269.56,16:59:48.034048
1.76,2.39,2.36,1.73,-19.0,-18.75,35.55,7.27,38.75,31.25,412.03,0.01,968.0,-2490.0,-40.0,-968.0,-2540.0,-40.0,356.7,-3269.56,16:59:48.423439
1.73,2.46,2.41,1.67,-18.0,-17.97,30.47,6.45,38.75,31.25,415.79,0.01,968.0,-2490.0,-40.0,-968.0,-2540.0,-40.0,356.7,-3269.56,16:59:48.811991
1.68,2.37,2.33,1.72,-19.0,-18.75,35.55,7.27,38.75,31.25,403.28,0.01,968.0,-2490.0,-40.0,-968.0,-2540.0,-40.0,356.7,-3269.56,16:59:49.189179
1.7,2.39,2.33,1.68,-19.0,-17.97,30.47,6.45,38.75,31.25,397.99,0.01,968.0,-2490.0,-40.0,-968.0,-2540.0,-40.0,356.6,-3269.46,16:59:49.579656
1.67,2.36,2.36,1.64,-19.0,-18.75,35.55,7.27,40.0,31.25,398.71,0.01,968.0,-2490.0,-40.0,-968.0,-2540.0,-40.0,356.6,-3269.46,16:59:50.016261
1.67,2.34,2.29,1.63,-18.0,-17.97,30.47,6.45,40.0,31.25,396.92,0.01,968.0,-2490.0,-40.0,-968.0,-2540.0,-40.0,356.6,-3269.46,16:59:50.434632
1.61,2.21,2.17,1.58,-17.0,-17.97,30.47,7.27,38.75,31.25,385.15,0.01,968.0,-2490.0,-40.0,-968.0,-2540.0,-40.0,356.6,-3269.46,16:59:50.807782
1.43,1.96,1.99,1.45,0.0,0.0,0.0,3.02,38.75,31.25,330.29,0.0,968.0,-2490.0,-40.0,-968.0,-2540.0,-40.0,356.6,-3269.46,16:59:51.261569
0.61,0.9,0.89,0.72,-1.26,0.0,0.0,1.78,38.75,31.25,171.27,0.0,968.0,-2490.0,-40.0,-968.0,-2540.0,-40.0,357.1,-3274.66,16:59:51.650838
0.56,0.33,0.35,0.29,-13.2,-7.81,15.23,3.02,40.0,31.25,129.16,0.0,968.0,-2490.0,-40.0,-968.0,-2540.0,-40.0,357.1,-3274.66,16:59:52.104597
0.15,0.15,0.16,0.15,0.0,0.0,0.0,3.02,40.0,31.25,27.29,0.0,638.0,-10.0,-40.0,-526.0,-2500.0,-40.0,357.1,-3274.66,16:59:52.570390
0.41,0.0,0.49,0.0,0.0,0.0,0.0,0.27,40.0,31.25,26.48,0.0,91.0,-70.0,-40.0,-17.0,-2470.0,-40.0,357.1,-3274.66,16:59:52.958637
0.28,0.0,0.27,0.0,0.0,0.0,0.0,0.27,40.0,31.25,32.27,0.0,27.0,-50.0,-40.0,14.0,-2510.0,-40.0,357.1,-3274.66,16:59:53.375680
0.15,0.0,0.0,0.0,0.0,0.0,0.0,0.27,40.0,31.25,29.86,0.0,27.0,-40.0,-40.0,14.0,-2520.0,-40.0,357.1,-3274.66,16:59:53.766027
0.0,0.0,0.0,0.0,0.0,0.0,0.0,0.27,40.0,31.25,29.79,0.0,27.0,-40.0,-40.0,14.0,-2520.0,-40.0,357.1,-3274.66,16:59:54.157864
0.0,0.0,0.0,0.0,0.0,0.0,0.0,1.24,40.0,31.25,11.0,0.0,79.0,-2560.0,-40.0,-34.0,-2510.0,-40.0,357.1,-3274.66,16:59:54.546936
0.0,0.0,0.0,0.0,0.0,0.0,0.0,0.0,40.0,31.25,0.99,0.0,586.0,-2500.0,-40.0,-34.0,-2500.0,-40.0,357.1,-3274.66,16:59:55.024639
0.17,0.2,0.19,0.0,0.0,0.0,0.0,0.27,40.0,31.25,4.98,0.0,952.0,-2470.0,-40.0,-34.0,-2500.0,-40.0,357.1,-3274.06,16:59:55.491680
0.16,0.0,0.0,0.0,6.49,3.12,10.16,1.78,40.0,31.25,6.54,0.0,951.0,-2480.0,-40.0,-34.0,-2510.0,-40.0,357.1,-3274.06,16:59:55.928037
0.0,0.0,0.0,0.0,16.0,3.12,30.47,7.27,40.0,31.25,249.71,0.0,955.0,-2480.0,-40.0,-930.0,-2510.0,-40.0,357.1,-3274.06,16:59:56.535575
0.85,1.02,0.7,0.54,7.0,6.25,15.23,4.53,40.0,31.25,249.71,0.0,962.0,-2490.0,-40.0,-952.0,-2530.0,-40.0,357.1,-3274.06,16:59:56.943601
0.85,0.79,0.6,0.59,0.0,2.34,10.16,3.02,40.0,31.25,350.03,0.0,962.0,-2500.0,-40.0,-952.0,-2530.0,-40.0,357.1,-3274.46,16:59:57.642325
0.38,0.33,0.83,0.66,0.0,2.34,0.0,3.02,40.0,31.25,128.54,0.0,964.0,-2500.0,-40.0,-952.0,-2530.0,-40.0,357.1,-3274.46,16:59:58.155933
0.15,0.15,0.15,0.0,5.64,0.0,0.0,0.27,40.0,31.25,63.1,0.0,964.0,-2500.0,-40.0,-952.0,-2530.0,-40.0,357.1,-3274.46,16:59:58.592625
0.0,0.0,0.0,0.0,10.99,9.38,20.31,4.53,40.0,31.25,64.58,0.0,964.0,-2500.0,-40.0,-952.0,-2530.0,-40.0,357.1,-3274.46,16:59:59.028817
0.16,0.16,0.18,0.22,18.0,13.28,25.39,5.9,40.0,31.25,60.75,0.0,964.0,-2500.0,-40.0,-952.0,-2530.0,-40.0,357.1,-3274.46,16:59:59.437022
0.61,1.09,1.1,0.69,17.0,17.19,40.62,8.78,40.0,31.25,135.4,0.0,964.0,-2500.0,-40.0,-952.0,-2530.0,-40.0,357.1,-3270.36,16:59:59.826472
1.32,1.09,1.58,1.17,15.0,15.62,30.47,6.45,40.0,31.25,269.21,0.01,964.0,-2500.0,-40.0,-952.0,-2530.0,-40.0,357.1,-3270.36,17:00:00.276754
1.29,1.74,1.69,1.23,18.0,16.41,30.47,6.45,40.0,31.25,298.31,0.01,964.0,-2500.0,-40.0,-952.0,-2530.0,-40.0,357.1,-3270.36,17:00:00.726196
1.59,2.06,2.03,1.45,23.0,16.41,40.62,8.78,40.0,31.25,352.29,0.01,964.0,-2500.0,-40.0,-952.0,-2530.0,-40.0,357.1,-3270.36,17:00:01.165573
1.98,2.59,2.59,1.9,15.0,16.41,30.47,7.27,40.0,31.25,352.29,0.01,964.0,-2500.0,-40.0,-952.0,-2530.0,-40.0,357.1,-3270.36,17:00:01.627725
2.06,2.81,2.8,2.06,15.0,15.62,30.47,6.45,40.0,32.5,479.54,0.01,964.0,-2500.0,-40.0,-952.0,-2530.0,-40.0,357.1,-3270.36,17:00:02.033984
2.27,2.94,2.92,2.12,19.0,16.41,30.47,6.45,40.0,32.5,500.92,0.01,964.0,-2500.0,-40.0,-952.0,-2530.0,-40.0,357.1,-3270.36,17:00:02.389304
2.35,3.32,3.31,2.42,23.0,20.31,35.55,7.96,40.0,32.5,568.53,0.02,964.0,-2500.0,-40.0,-952.0,-2530.0,-40.0,357.1,-3270.36,17:00:02.841287
2.92,3.89,3.92,2.87,11.0,14.84,25.39,6.45,40.0,31.25,635.78,0.01,964.0,-2500.0,-40.0,-952.0,-2530.0,-40.0,357.1,-3270.36,17:00:03.401143
2.62,3.47,3.49,2.54,13.64,9.38,20.31,4.53,40.0,32.5,614.23,0.01,964.0,-2500.0,-40.0,-952.0,-2530.0,-40.0,356.8,-3270.26,17:00:03.774318
2.56,3.32,3.3,2.42,9.0,12.5,20.31,4.94,40.0,32.5,579.68,0.01,964.0,-2500.0,-40.0,-952.0,-2530.0,-40.0,356.8,-3270.26,17:00:04.163784
2.34,3.03,3.07,2.19,5.0,7.81,15.23,4.25,40.0,32.5,527.49,0.0,964.0,-2500.0,-40.0,-952.0,-2530.0,-40.0,356.8,-3270.26,17:00:04.636311
1.87,2.41,2.33,1.67,10.0,7.03,15.23,4.25,40.0,31.25,441.34,0.0,964.0,-2500.0,-40.0,-952.0,-2530.0,-40.0,356.8,-3270.26,17:00:05.012213
1.55,2.02,1.94,1.41,5.0,8.59,15.23,4.25,40.0,31.25,371.32,0.0,964.0,-2500.0,-40.0,-952.0,-2530.0,-40.0,356.8,-3270.26,17:00:05.436282
1.18,1.21,1.27,0.97,0.0,0.0,0.0,1.78,40.0,32.5,255.7,0.0,734.0,-10.0,-40.0,-910.0,-2530.0,-40.0,356.8,-3270.26,17:00:05.823621
0.81,0.69,0.89,0.58,0.0,0.0,0.0,1.51,40.0,32.5,169.9,0.0,174.0,-60.0,-40.0,-430.0,-2520.0,-40.0,356.8,-3270.26,17:00:06.198179
0.56,0.5,0.6,0.46,0.0,0.0,0.0,0.27,40.0,32.5,123.92,0.0,-349.0,-90.0,-40.0,144.0,-2500.0,-40.0,356.8,-3270.26,17:00:06.588322
0.56,0.34,0.3,0.4,0.0,0.0,0.0,0.0,40.0,32.5,111.63,0.0,-332.0,-120.0,-40.0,825.0,-2490.0,-40.0,356.8,-3270.26,17:00:07.118641
0.37,0.15,0.16,0.15,8.94,4.69,10.16,1.78,40.0,31.25,111.63,0.0,-1008.0,-100.0,-40.0,965.0,-2490.0,-40.0,356.8,-3270.26,17:00:07.600813
0.0,0.0,0.0,0.0,25.0,23.44,40.62,7.96,40.0,31.25,103.74,0.0,-953.0,-100.0,-40.0,931.0,-2490.0,-40.0,356.8,-3270.26,17:00:08.037902
1.8,0.0,0.0,2.17,16.0,22.66,40.62,8.78,40.0,31.25,329.55,0.01,-921.0,-40.0,-40.0,883.0,-2530.0,-40.0,356.8,-3270.26,17:00:08.570462
2.61,1.93,1.96,2.6,8.56,11.72,15.23,4.25,40.0,32.5,428.85,0.0,-922.0,-30.0,-40.0,881.0,-2540.0,-40.0,356.8,-3270.26,17:00:09.053307
2.44,1.81,1.8,2.49,5.0,7.81,15.23,3.29,40.0,32.5,429.65,0.0,-923.0,-30.0,-40.0,938.0,-2540.0,-40.0,356.8,-3270.26,17:00:09.488658
2.1,1.54,1.49,1.98,8.0,8.59,15.23,3.29,40.0,32.5,384.2,0.0,-875.0,-20.0,-40.0,838.0,-2540.0,-40.0,357.0,-3273.86,17:00:09.880547
2.02,1.4,1.39,1.91,8.39,6.25,10.16,4.25,40.0,32.5,338.29,0.0,-961.0,-2550.0,-40.0,934.0,-2540.0,-40.0,357.0,-3273.86,17:00:10.253038
1.65,1.25,1.26,1.69,7.0,5.47,10.16,3.29,40.0,32.5,305.23,0.0,-977.0,-10.0,-40.0,964.0,-2520.0,-40.0,357.0,-3273.86,17:00:10.628478
1.52,1.04,1.03,1.44,11.0,8.59,15.23,4.25,40.0,31.25,262.47,0.0,-978.0,-10.0,-40.0,964.0,-2500.0,-40.0,357.0,-3273.86,17:00:11.002008
1.48,1.06,1.0,1.43,20.0,17.19,30.47,6.45,40.0,31.25,262.47,0.01,-978.0,-10.0,-40.0,964.0,-2490.0,-40.0,357.0,-3273.86,17:00:11.438452
2.13,1.06,1.55,2.21,17.0,14.06,30.47,6.45,40.0,32.5,351.1,0.01,-978.0,-2560.0,-40.0,964.0,-2490.0,-40.0,357.0,-3273.86,17:00:11.968811
2.13,1.83,1.83,2.6,16.0,16.41,30.47,6.45,40.0,32.5,416.14,0.01,-978.0,-10.0,-40.0,964.0,-2490.0,-40.0,357.0,-3273.86,17:00:12.373811
2.83,2.0,2.01,2.79,13.0,14.84,25.39,5.9,40.0,32.5,457.1,0.01,-978.0,-10.0,-40.0,964.0,-2490.0,-40.0,357.0,-3273.86,17:00:12.762344
2.78,1.94,1.96,2.78,11.0,9.38,20.31,4.94,40.0,32.5,447.93,0.01,-978.0,-10.0,-40.0,964.0,-2490.0,-40.0,357.0,-3273.86,17:00:13.151098
2.63,1.84,1.85,2.58,12.93,10.16,20.31,5.76,40.0,32.5,449.36,0.01,-978.0,-10.0,-40.0,964.0,-2490.0,-40.0,357.0,-3273.86,17:00:13.538481
2.7,1.95,1.91,2.62,17.0,16.41,30.47,6.45,40.0,32.5,466.21,0.01,-978.0,-10.0,-40.0,964.0,-2490.0,-40.0,357.0,-3273.86,17:00:13.924055
3.1,2.11,2.09,2.94,12.0,15.62,30.47,6.45,40.0,32.5,493.99,0.01,-978.0,-10.0,-40.0,964.0,-2490.0,-40.0,357.0,-3273.86,17:00:14.360483
2.89,2.11,2.11,2.9,15.0,14.84,25.39,5.9,40.0,32.5,496.02,0.01,-978.0,-10.0,-40.0,964.0,-2490.0,-40.0,357.0,-3273.86,17:00:14.734736
3.13,2.17,2.18,3.05,17.0,15.62,30.47,6.04,40.0,32.5,510.99,0.01,-978.0,-10.0,-40.0,964.0,-2490.0,-40.0,357.0,-3273.86,17:00:15.126371
3.3,2.26,2.34,3.24,15.0,15.62,30.47,6.45,40.0,32.5,546.25,0.01,-980.0,-20.0,-40.0,964.0,-2490.0,-40.0,357.0,-3273.86,17:00:15.562136
3.47,2.43,2.46,3.38,14.0,11.72,20.31,4.94,40.0,32.5,551.76,0.01,-1005.0,-30.0,-40.0,964.0,-2490.0,-40.0,357.0,-3273.86,17:00:15.952346
3.65,2.52,2.48,3.43,14.0,13.28,25.39,5.9,40.0,32.5,604.67,0.01,-1005.0,-20.0,-40.0,964.0,-2490.0,-40.0,357.0,-3273.86,17:00:16.327366
3.63,2.52,2.51,3.48,14.0,13.28,25.39,5.76,40.0,32.5,585.82,0.01,-1005.0,-20.0,-40.0,964.0,-2490.0,-40.0,357.0,-3273.86,17:00:16.763946
3.59,2.51,2.45,3.42,12.0,13.28,25.39,5.76,40.0,32.5,13000.0,0.01,-1005.0,-20.0,-40.0,964.0,-2490.0,-40.0,357.0,-3273.86,17:00:17.153071
2.94,2.13,2.09,2.92,0.0,0.0,0.0,2.75,40.0,32.5,451.64,0.0,-1005.0,-20.0,-40.0,926.0,-2490.0,-40.0,357.0,-3273.86,17:00:17.680587
1.65,1.51,1.35,1.7,0.0,0.0,0.0,1.78,40.0,32.5,345.26,0.0,-85.0,-2510.0,-40.0,313.0,-2510.0,-40.0,357.0,-3273.86,17:00:18.055106
1.26,1.11,1.14,1.15,0.0,0.0,0.0,1.24,40.0,32.5,258.49,0.0,-238.0,-2550.0,-40.0,255.0,-2490.0,-40.0,357.0,-3273.86,17:00:18.444277
0.82,0.56,0.73,0.68,0.0,0.0,0.0,0.27,40.0,32.5,181.67,0.0,-632.0,-50.0,-40.0,933.0,-2490.0,-40.0,357.0,-3273.86,17:00:19.005403
0.59,0.34,0.45,0.27,0.0,0.0,0.0,0.27,40.0,32.5,123.33,0.0,-1007.0,-90.0,-40.0,966.0,-2500.0,-40.0,357.0,-3273.86,17:00:19.457296
0.15,0.15,0.15,0.5,-6.0,-3.12,10.16,1.78,40.0,32.5,116.02,-0.0,-1007.0,-90.0,-40.0,962.0,-2490.0,-40.0,357.1,-3273.86,17:00:19.846235
0.0,0.0,0.0,0.15,-9.84,-5.47,10.16,3.29,40.0,32.5,115.97,-0.0,-1007.0,-90.0,-40.0,962.0,-2490.0,-40.0,357.1,-3273.86,17:00:20.286617
0.0,0.0,0.0,0.15,0.0,-15.0,-96.48,1.37,3.69,32.5,65.45,-0.0,-1007.0,-90.0,-40.0,962.0,-2490.0,-40.0,357.1,-3273.26,17:00:20.659270
0.0,0.0,0.0,0.0,-14.0,-14.06,25.39,4.94,40.0,32.5,39.63,-0.0,-1007.0,-90.0,-40.0,962.0,-2490.0,-40.0,357.1,-3273.26,17:00:21.049164
0.0,0.0,0.0,0.0,0.0,0.0,0.0,2.75,40.0,32.5,20.02,0.0,-1007.0,-90.0,-40.0,962.0,-2490.0,-40.0,357.1,-3273.26,17:00:21.439445
0.0,0.0,0.0,0.0,-5.22,0.0,5.08,1.24,40.0,32.5,18.8,0.0,-1007.0,-90.0,-40.0,962.0,-2490.0,-40.0,357.1,-3273.26,17:00:21.831684
0.0,0.0,0.0,0.0,-16.0,-12.5,20.31,4.53,40.0,32.5,18.8,0.0,-1007.0,-90.0,-40.0,962.0,-2490.0,-40.0,357.1,-3273.26,17:00:22.237555
0.19,0.0,0.0,0.89,0.0,0.0,0.0,3.29,40.0,32.5,167.98,0.0,-1025.0,-80.0,-40.0,821.0,-2480.0,-40.0,357.1,-3273.26,17:00:22.798306
0.4,0.41,0.25,0.44,0.0,0.0,0.0,1.51,40.0,32.5,186.99,0.0,-1025.0,-70.0,-40.0,978.0,-2460.0,-40.0,357.1,-3273.26,17:00:23.265909
0.27,0.15,0.16,0.22,0.0,0.0,0.0,1.51,40.0,32.5,138.91,0.0,-1025.0,-60.0,-40.0,978.0,-2460.0,-40.0,357.1,-3273.26,17:00:23.669375
0.15,0.0,0.0,0.23,-8.0,-5.47,15.23,3.29,40.0,32.5,128.8,0.0,-1025.0,-60.0,-40.0,978.0,-2460.0,-40.0,357.1,-3273.26,17:00:24.123910
0.0,0.0,0.0,0.15,-9.0,-7.81,20.31,4.94,40.0,32.5,97.62,0.0,-1025.0,-60.0,-40.0,978.0,-2460.0,-40.0,357.1,-3273.26,17:00:24.514067
1.18,0.37,0.17,0.45,-8.0,-8.59,20.31,4.94,40.0,32.5,85.89,0.0,-1025.0,-60.0,-40.0,978.0,-2460.0,-40.0,357.1,-3273.26,17:00:24.951537
0.83,0.54,0.46,0.76,-9.0,-8.59,20.31,1.09,3.29,40.0,13000.0,0.0,-1025.0,-60.0,-40.0,978.0,-2460.0,-40.0,357.1,-3273.26,17:00:25.357135
0.91,0.73,0.67,0.94,-9.0,-8.59,20.31,4.94,40.0,40.0,155.8,0.0,-1025.0,-60.0,-40.0,978.0,-2460.0,-40.0,357.0,-3272.76,17:00:25.747144
0.91,0.68,0.62,0.83,-9.0,-8.59,20.31,5.76,40.0,32.5,155.24,0.0,-1025.0,-60.0,-40.0,978.0,-2460.0,-40.0,357.0,-3272.76,17:00:26.234140
0.8,0.65,0.55,0.8,-16.0,-17.97,40.62,7.96,40.0,32.5,159.16,0.0,-1025.0,-60.0,-40.0,978.0,-2460.0,-40.0,357.0,-3272.76,17:00:26.715053
1.27,0.91,0.9,1.31,-13.0,-15.62,30.47,7.27,40.0,32.5,193.84,0.0,-1025.0,-60.0,-40.0,978.0,-2460.0,-40.0,357.0,-3270.46,17:00:27.088849
1.16,0.92,0.9,0.8,1.35,-16.0,30.47,6.04,40.0,32.5,218.02,0.0,-1025.0,-60.0,-40.0,978.0,-2460.0,-40.0,357.0,-3270.46,17:00:27.509555
1.3,0.88,0.87,1.18,-20.0,-19.53,35.55,7.41,40.0,32.5,216.97,0.01,-1025.0,-60.0,-40.0,978.0,-2460.0,-40.0,357.0,-3270.46,17:00:27.895882
1.4,0.88,1.1,1.46,-20.0,-19.53,35.55,7.55,40.0,32.5,244.89,0.01,-1025.0,-60.0,-40.0,978.0,-2460.0,-40.0,357.0,-3270.46,17:00:28.372582
1.6,1.17,1.15,1.56,-21.0,-20.31,40.62,7.55,40.0,40.0,13000.0,0.03,-13240.0,-1026.0,-60.0,978.0,-2460.0,-40.0,357.0,-3270.46,17:00:28.748445
1.76,1.24,1.2,1.64,-20.0,-19.53,35.55,7.55,40.0,32.5,291.62,0.01,-1026.0,-60.0,-40.0,978.0,-2460.0,-40.0,357.0,-3270.46,17:00:29.136665
1.73,1.29,1.2,1.69,-24.0,-22.66,40.62,8.78,40.0,32.5,295.73,0.01,-1026.0,-60.0,-40.0,978.0,978.0,-40.0,2.11,132.22,17:00:29.527547
1.73,1.44,1.37,2.03,-24.0,-23.44,45.7,8.92,40.0,32.5,333.22,0.01,-1026.0,-60.0,-40.0,978.0,-2460.0,-40.0,356.7,-3268.76,17:00:29.977437
1.73,1.67,1.59,2.28,-23.0,-23.44,45.7,8.78,40.0,32.5,384.85,0.01,-1026.0,-60.0,-40.0,978.0,-2460.0,-40.0,356.7,-3268.76,17:00:30.383643
2.57,1.86,1.73,2.53,-23.0,-24.0,-152.34,2.46,40.0,32.5,432.87,0.01,-1026.0,-60.0,-40.0,978.0,-2460.0,-40.0,356.7,-3268.76,17:00:30.787909
2.82,2.02,1.73,1.99,3.05,-20.0,35.55,7.27,40.0,32.5,466.62,0.01,-1026.0,-60.0,-40.0,978.0,-2460.0,-40.0,356.7,-3268.76,17:00:31.177466
2.98,2.12,2.08,2.87,-19.0,-20.0,35.55,7.55,40.0,32.5,500.4,0.01,-1026.0,-60.0,-40.0,978.0,-2460.0,-40.0,356.7,-3268.76,17:00:31.568014
3.11,2.28,2.09,3.01,-19.0,-18.75,35.55,7.27,40.0,40.0,13000.0,0.07,2112.0,-1026.0,-60.0,978.0,-2470.0,-40.0,356.7,-3268.76,17:00:31.941841
3.02,2.17,2.17,3.02,-16.0,-17.97,30.47,7.27,40.0,32.5,514.18,0.01,-1026.0,-60.0,-40.0,978.0,-2460.0,-40.0,356.7,-3268.76,17:00:32.335218
2.84,2.06,1.97,2.77,-5.0,-12.5,25.39,5.76,40.0,32.5,498.2,0.01,-1026.0,-60.0,-40.0,978.0,-2460.0,-40.0,356.7,-3268.76,17:00:32.726226
2.11,1.52,1.43,2.05,-11.09,-7.03,15.23,4.25,40.0,32.5,407.03,0.0,-1026.0,-60.0,-40.0,978.0,-2460.0,-40.0,356.7,-3268.76,17:00:33.147292
1.62,1.25,1.2,1.58,-16.0,-12.5,25.39,4.94,40.0,32.5,309.06,0.0,-1026.0,-60.0,-40.0,978.0,-2460.0,-40.0,356.7,-3268.76,17:00:33.536353
1.51,1.11,1.03,1.46,-22.0,-19.53,35.55,7.55,40.0,32.5,269.93,0.01,-1026.0,-60.0,-40.0,978.0,-2460.0,-40.0,356.7,-3268.76,17:00:34.110391
1.51,1.36,1.31,1.89,-20.0,-20.31,40.62,7.55,40.0,32.5,314.65,0.01,-1027.0,-60.0,-40.0,978.0,-2460.0,-40.0,356.7,-3268.76,17:00:34.576522
2.06,1.46,1.39,1.99,-20.0,-20.31,35.55,7.96,40.0,32.5,343.08,0.01,-1027.0,-60.0,-40.0,978.0,-2460.0,-40.0,356.7,-3268.76,17:00:34.968372
2.15,1.54,1.47,1.99,-18.0,-17.97,30.47,7.41,40.0,32.5,355.44,0.01,-1027.0,-60.0,-40.0,978.0,-2460.0,-40.0,356.7,-3268.76,17:00:35.372548
2.02,1.45,1.39,1.99,-20.0,-18.75,35.55,7.27,40.0,32.5,348.74,0.01,-1027.0,-60.0,-40.0,978.0,-2460.0,-40.0,356.7,-3268.76,17:00:35.839841
2.17,1.56,1.51,2.07,-27.0,-23.44,45.7,8.78,40.0,32.5,355.72,0.01,-1027.0,-60.0,-40.0,978.0,-2460.0,-40.0,356.7,-3268.76,17:00:36.421508
2.67,1.94,1.91,2.73,-12.62,-9.38,20.31,5.76,40.0,32.5,431.53,0.0,-1027.0,-60.0,-40.0,978.0,-2460.0,-2460.0,2.11,132.11,17:00:36.825907
2.4,1.78,1.67,2.36,-22.0,-18.75,35.55,7.27,40.0,32.5,433.48,0.01,-1027.0,-60.0,-40.0,978.0,-2460.0,-40.0,356.7,-3268.76,17:00:37.201301
2.66,1.87,1.84,2.58,-23.0,-23.44,45.7,8.78,40.0,32.5,437.56,0.01,-1027.0,-60.0,-40.0,978.0,-2460.0,-40.0,356.7,-3268.76,17:00:37.588766
2.95,2.06,2.04,2.81,-20.0,-19.53,35.55,7.55,40.0,32.5,474.01,0.01,-1027.0,-60.0,-40.0,978.0,-2460.0,-40.0,356.7,-3268.76,17:00:37.978279
2.95,2.11,2.03,2.85,-20.0,-20.31,35.55,8.78,40.0,32.5,504.49,0.01,-1027.0,-60.0,-40.0,978.0,-2460.0,-40.0,356.7,-3268.76,17:00:38.368018
3.08,2.25,2.11,2.99,-20.0,-19.53,35.55,7.41,40.0,32.5,522.44,0.01,-1027.0,-60.0,-40.0,978.0,-2460.0,-40.0,356.7,-3268.76,17:00:38.773626
3.24,2.29,2.16,3.09,-19.0,-18.75,35.55,7.41,40.0,32.5,534.63,0.01,-1027.0,-60.0,-40.0,978.0,-2460.0,-40.0,356.7,-3268.76,17:00:39.209440
3.24,2.25,2.13,3.0,-6.0,-12.5,25.39,5.9,40.0,32.5,519.51,0.01,-1027.0,-60.0,-40.0,978.0,-2460.0,-40.0,356.7,-3268.76,17:00:39.708453
2.38,1.72,1.58,2.19,-6.0,-4.69,10.16,2.75,40.0,32.5,436.01,0.0,-932.0,-20.0,-40.0,921.0,-2500.0,-40.0,356.7,-3268.76,17:00:40.082952
1.75,1.27,1.28,1.69,-9.0,-7.81,15.23,4.25,40.0,32.5,331.79,0.0,-901.0,-20.0,-40.0,863.0,-2520.0,-40.0,356.7,-3268.76,17:00:40.458055
1.61,1.04,1.07,1.49,-11.0,-12.5,20.31,5.76,40.0,32.5,285.47,0.0,-901.0,-2540.0,-40.0,863.0,-2520.0,-40.0,357.0,-3272.46,17:00:41.018954
1.18,0.71,0.89,0.95,0.0,0.0,0.0,1.78,40.0,32.5,174.79,0.0,-57.0,-2510.0,-40.0,77.0,-2530.0,-40.0,357.0,-3272.46,17:00:41.457523
0.58,0.55,0.58,0.59,0.0,0.0,0.0,1.24,40.0,32.5,122.08,0.0,-55.0,-2520.0,-40.0,48.0,-2530.0,-40.0,357.0,-3272.46,17:00:41.848640
0.3,0.55,0.42,0.41,0.0,0.0,0.0,0.27,40.0,32.5,89.31,0.0,-49.0,-2530.0,-40.0,48.0,-2540.0,-40.0,357.0,-3272.46,17:00:42.300368
0.15,0.15,0.15,0.15,0.0,0.0,0.0,0.27,40.0,32.5,86.22,0.0,-49.0,-2530.0,-40.0,48.0,-2540.0,-40.0,357.0,-3272.46,17:00:42.923315
0.0,0.0,0.0,0.0,0.0,0.0,0.0,0.27,40.0,32.5,22.62,0.0,-48.0,-2530.0,-40.0,48.0,-2550.0,-40.0,357.0,-3272.46,17:00:43.359652
0.0,0.0,0.0,0.0,0.0,0.0,0.0,0.0,40.0,32.5,0.4,0.0,-48.0,-2530.0,-40.0,48.0,-2550.0,-40.0,357.0,-3272.46,17:00:43.767634
0.0,0.0,0.0,0.0,0.0,0.0,0.0,0.27,40.0,32.5,0.0,0.0,-48.0,-2530.0,-40.0,48.0,-2550.0,-40.0,357.0,-3272.46,17:00:44.154472
0.0,0.0,0.0,0.0,0.0,0.0,0.0,0.27,40.0,32.5,0.0,0.0,-48.0,-2530.0,-40.0,48.0,-2550.0,-40.0,357.2,-3274.76,17:00:44.607274
0.0,0.0,0.0,0.0,0.0,0.0,0.0,0.27,40.0,32.5,0.0,0.0,-48.0,-2530.0,-40.0,48.0,-2550.0,-40.0,357.2,-3274.76,17:00:44.982789
0.0,0.0,0.0,0.0,0.0,0.0,0.0,0.27,40.0,32.5,0.0,0.0,91.0,-2510.0,-40.0,-69.0,-2530.0,-40.0,357.2,-3274.76,17:00:45.386940
0.0,0.0,0.0,0.0,0.0,0.0,0.0,0.27,40.0,32.5,0.0,0.0,369.0,-2450.0,-40.0,-657.0,-2480.0,-40.0,357.2,-3274.76,17:00:45.855374
0.0,0.0,0.0,0.0,5.0,1.56,5.08,1.24,40.0,32.5,0.0,0.0,779.0,-2440.0,-40.0,-843.0,-2500.0,-40.0,357.2,-3274.76,17:00:46.307837
0.0,0.0,0.0,0.0,9.7,5.47,15.23,4.25,40.0,32.5,33.28,0.0,851.0,-2470.0,-40.0,-843.0,-2510.0,-40.0,357.1,-3273.26,17:00:46.698464
0.16,0.31,0.23,0.18,24.0,23.44,55.86,10.43,40.0,32.5,33.28,0.01,852.0,-2480.0,-40.0,-813.0,-2530.0,-40.0,357.1,-3273.26,17:00:47.149531
1.47,1.95,2.03,1.5,11.0,19.53,35.55,7.96,40.0,32.5,262.6,0.01,869.0,-2490.0,-40.0,-813.0,-2530.0,-40.0,357.1,-3273.26,17:00:47.724722
1.36,1.8,1.82,1.42,9.18,5.47,10.16,3.29,40.0,32.5,344.44,0.0,813.0,-2540.0,-40.0,-767.0,-2550.0,-40.0,357.1,-3273.26,17:00:48.147159
1.36,1.56,1.46,1.16,11.03,10.16,20.31,4.53,40.0,32.5,286.68,0.0,907.0,-2520.0,-40.0,-923.0,-2540.0,-40.0,357.1,-3273.26,17:00:48.584265
1.36,1.38,1.37,1.01,17.0,14.06,25.39,5.76,40.0,32.5,250.61,0.0,965.0,-2510.0,-40.0,-926.0,-2540.0,-40.0,357.1,-3273.26,17:00:48.987037
1.14,1.61,1.59,1.01,1.27,18.0,35.55,7.41,40.0,32.5,266.95,0.01,965.0,-2510.0,-40.0,-926.0,-2540.0,-40.0,357.1,-3273.26,17:00:49.360901
1.4,1.83,1.86,1.33,17.0,17.19,30.47,6.45,40.0,32.5,300.24,0.01,965.0,-2510.0,-40.0,-926.0,-2540.0,-40.0,357.1,-3273.26,17:00:49.736856
1.41,2.0,1.96,1.44,25.0,19.53,35.55,7.27,40.0,32.5,338.03,0.01,965.0,-2510.0,-40.0,-926.0,-2540.0,-40.0,357.1,-3273.26,17:00:50.108600
1.82,2.53,2.49,1.79,24.0,24.22,45.7,9.06,40.0,32.5,405.24,0.01,965.0,-2510.0,-40.0,-926.0,-2540.0,-40.0,357.1,-3273.26,17:00:50.483935
2.25,3.1,3.05,2.24,24.0,22.0,137.11,2.19,4.55,40.0,13000.0,0.06,-16660.0,965.0,-2510.0,-40.0,-926.0,-2540.0,2.11,132.26,17:00:50.844475
2.58,3.49,3.44,2.5,11.0,21.09,40.62,7.55,40.0,32.5,594.12,0.02,965.0,-2510.0,-40.0,-926.0,-2540.0,-40.0,357.1,-3273.26,17:00:51.218400
2.35,3.22,3.17,2.34,14.0,12.5,25.39,4.94,40.0,32.5,549.95,0.01,965.0,-2510.0,-40.0,-926.0,-2540.0,-40.0,357.1,-3273.26,17:00:51.734742
2.39,3.25,3.16,2.31,17.0,20.31,35.55,7.55,40.0,32.5,563.87,0.01,965.0,-2510.0,-40.0,-926.0,-2540.0,-40.0,357.1,-3273.26,17:00:52.141106
2.39,3.27,3.23,2.39,17.0,16.41,30.47,6.45,40.0,32.5,555.91,0.01,965.0,-2510.0,-40.0,-926.0,-2540.0,-40.0,357.1,-3273.26,17:00:52.535997
2.46,3.37,3.28,2.39,18.0,16.41,30.47,6.45,40.0,32.5,580.83,0.01,965.0,-2510.0,-40.0,-926.0,-2540.0,-40.0,357.1,-3273.26,17:00:52.909648
2.49,3.37,3.38,2.47,15.0,16.41,30.47,6.45,40.0,32.5,573.53,0.01,965.0,-2510.0,-40.0,-926.0,-2540.0,-40.0,357.1,-3273.26,17:00:53.315538
2.43,3.33,3.27,2.47,13.0,12.5,25.39,5.76,40.0,32.5,567.2,0.01,965.0,-2510.0,-40.0,-926.0,-2540.0,-40.0,357.1,-3273.26,17:00:53.765647
2.11,2.91,2.91,2.16,13.0,11.72,20.31,4.94,40.0,40.0,13000.0,0.01,965.0,-2510.0,-40.0,-926.0,-2540.0,-40.0,357.1,-3273.26,17:00:54.157092
1.89,2.62,2.61,1.9,11.0,11.72,20.31,4.94,40.0,32.5,472.22,0.01,965.0,-2510.0,-40.0,-926.0,-2540.0,-40.0,357.1,-3273.26,17:00:54.531158
1.61,2.08,2.0,1.5,5.0,6.25,15.23,3.29,40.0,32.5,397.84,0.0,921.0,-2550.0,-40.0,-855.0,-2540.0,-40.0,357.1,-3273.26,17:00:54.952781
1.12,1.25,1.35,0.91,0.0,0.0,0.0,2.75,40.0,32.5,13000.0,0.03,0.0,596.0,-30.0,-930.0,-2520.0,-40.0,357.1,132.26,17:00:55.357581
0.62,0.56,0.74,0.57,0.0,0.0,0.0,1.51,40.0,32.5,144.44,0.0,33.0,-70.0,-40.0,-66.0,-2520.0,-40.0,357.1,-3273.26,17:00:55.776224
0.51,0.52,0.37,0.3,0.0,0.0,0.0,0.27,40.0,32.5,122.54,0.0,33.0,-60.0,-40.0,37.0,-2510.0,-40.0,357.1,-3273.26,17:00:56.182465
0.15,0.15,0.16,0.29,0.0,0.0,0.0,0.0,0.71,40.0,13000.0,0.02,0.0,33.0,-60.0,-40.0,27.0,-2520.0,2.11,132.26,17:00:56.557161
0.0,0.0,0.18,0.16,0.0,0.0,0.0,1.24,40.0,32.5,47.92,0.02,33.0,-60.0,-40.0,27.0,-2520.0,-40.0,357.1,-3273.26,17:00:56.930871
0.0,0.0,0.15,0.15,0.0,0.0,0.0,0.27,40.0,32.5,4.1,0.0,32.0,-60.0,-40.0,27.0,-2530.0,-40.0,357.1,-3273.26,17:00:57.398386
0.0,0.0,0.0,0.0,-1.0,0.0,0.0,0.27,40.0,32.5,4.1,0.0,30.0,-50.0,-40.0,27.0,-2530.0,-40.0,357.1,-3273.26,17:00:57.865588
0.0,0.0,0.0,0.0,-5.0,-4.69,15.23,3.02,40.0,32.5,13000.0,0.0,192.0,30.0,-50.0,-40.0,55.0,-2500.0,2.11,132.26,17:00:58.239414
0.0,0.0,0.0,0.0,0.0,0.0,0.0,1.78,40.0,32.5,100.72,0.0,-53.0,-60.0,-40.0,-40.0,-2530.0,-40.0,357.1,-3273.26,17:00:58.629640
0.0,0.18,0.17,0.15,0.0,0.0,0.0,1.51,40.0,32.5,82.18,0.0,-37.0,-40.0,-40.0,-40.0,-2540.0,-40.0,357.1,-3273.26,17:00:59.019944
0.0,0.19,0.15,0.18,0.0,0.0,0.0,1.24,40.0,32.5,74.12,0.0,-37.0,-30.0,-40.0,59.0,-2540.0,-40.0,357.1,-3273.26,17:00:59.459908
0.0,0.0,0.0,0.15,0.0,0.0,0.0,0.27,40.0,32.5,73.97,0.0,-37.0,-20.0,-40.0,58.0,-2560.0,-40.0,357.2,-3274.96,17:00:59.863990
0.0,0.0,0.0,0.0,0.0,0.0,0.0,0.27,40.0,32.5,13000.0,0.0,0.0,-37.0,-20.0,58.0,-2560.0,-40.0,357.2,-3274.96,17:01:00.240060
0.0,0.0,0.0,0.0,0.0,0.0,0.0,0.27,40.0,32.5,0.18,0.0,-37.0,-20.0,-40.0,58.0,-2560.0,-40.0,357.2,-3274.96,17:01:00.628243
0.0,0.0,0.0,0.0,0.0,0.0,0.0,0.27,40.0,32.5,0.0,0.0,-37.0,-20.0,-40.0,58.0,-2550.0,-40.0,357.2,132.3,17:01:01.018548
0.0,0.0,0.0,0.0,0.0,0.0,0.0,0.27,40.0,32.5,0.0,0.0,-37.0,-20.0,-40.0,58.0,-2550.0,-40.0,357.2,-3274.96,17:01:01.392134
0.0,0.0,0.0,0.0,0.0,0.0,0.0,0.27,40.0,32.5,0.0,0.0,-37.0,-20.0,-40.0,58.0,-2560.0,-40.0,357.2,-3274.96,17:01:01.827861
0.0,0.0,0.0,0.0,0.0,0.0,0.0,0.27,40.0,32.5,0.0,0.0,-37.0,-20.0,-40.0,58.0,-2550.0,-40.0,357.2,-3274.96,17:01:02.358601
0.0,0.0,0.0,0.0,0.0,0.0,0.0,0.27,40.0,32.5,0.0,0.0,-37.0,-20.0,-40.0,58.0,-2550.0,-40.0,357.3,-3274.56,17:01:02.749784
0.0,0.0,0.0,0.0,0.0,0.0,0.0,0.27,40.0,32.5,0.0,0.0,-37.0,-20.0,-40.0,58.0,-2550.0,-40.0,357.3,-3274.56,17:01:03.142921
0.0,0.0,0.0,0.0,0.0,0.0,0.0,0.27,40.0,32.5,0.0,0.0,-37.0,-20.0,-40.0,58.0,-2550.0,-40.0,357.3,-3274.56,17:01:03.657785
0.0,0.0,0.0,0.0,0.0,0.0,0.0,0.27,40.0,32.5,0.0,0.0,-37.0,-20.0,-40.0,58.0,-2560.0,-40.0,357.3,-3274.56,17:01:04.110925
0.0,0.0,0.0,0.0,0.0,0.0,0.0,0.27,40.0,32.5,0.0,0.0,-37.0,-20.0,-40.0,58.0,-2560.0,-40.0,357.3,-3274.56,17:01:04.499123
0.0,0.0,0.0,0.0,0.0,0.0,0.0,0.27,40.0,32.5,0.0,0.0,-37.0,-20.0,-40.0,58.0,-2560.0,-40.0,357.3,-3274.56,17:01:04.889056
0.0,0.0,0.0,0.0,0.0,0.0,0.0,0.27,40.0,32.5,0.0,0.0,-37.0,-20.0,-40.0,58.0,-2560.0,-40.0,357.3,-3274.56,17:01:05.292994
0.0,0.0,0.0,0.0,0.0,0.0,0.0,0.27,40.0,32.5,0.0,0.0,-37.0,-20.0,-40.0,58.0,-2560.0,-40.0,357.3,-3274.86,17:01:05.932179
0.0,0.0,0.0,0.0,0.0,0.0,0.0,0.27,40.0,32.5,0.0,0.0,-37.0,-20.0,-40.0,58.0,-2560.0,-40.0,357.3,-3274.86,17:01:06.384042
0.0,0.0,0.0,0.0,0.0,0.0,0.0,0.0,40.0,32.5,0.0,0.0,-37.0,-20.0,-40.0,58.0,-2560.0,-40.0,357.3,-3274.86,17:01:06.773923
0.0,0.0,0.0,0.0,0.0,0.0,0.0,0.0,40.0,32.5,0.0,0.0,-37.0,-20.0,-40.0,58.0,-2560.0,-40.0,357.3,-3274.86,17:01:07.161009
0.0,0.0,0.0,0.0,0.0,0.0,0.0,0.0,40.0,32.5,0.0,0.0,-37.0,-20.0,-40.0,58.0,-2560.0,-40.0,357.3,-3274.86,17:01:07.632403
0.0,0.0,0.0,0.0,0.0,0.0,0.0,0.27,40.0,32.5,0.0,0.0,-37.0,-20.0,-40.0,58.0,-2560.0,-40.0,357.3,-3274.86,17:01:08.034215
0.0,0.0,0.0,0.0,0.0,0.0,0.0,0.27,40.0,32.5,0.0,0.0,-37.0,-20.0,-40.0,58.0,-2560.0,-40.0,357.3,-3274.86,17:01:08.485144
0.0,0.0,0.0,0.0,0.0,0.0,0.0,0.27,40.0,32.5,0.0,0.0,-37.0,-20.0,-40.0,58.0,-2560.0,-40.0,357.3,-3274.86,17:01:08.921607
0.0,0.0,0.0,0.0,0.0,0.0,0.0,0.27,40.0,32.5,0.0,0.0,-37.0,-20.0,-40.0,58.0,-2560.0,-40.0,357.3,-3274.86,17:01:09.356931
0.0,0.0,0.0,0.0,0.0,0.0,0.0,0.27,40.0,32.5,0.0,0.0,-37.0,-20.0,-40.0,58.0,-2560.0,-40.0,357.3,-3274.86,17:01:09.840967
0.0,0.0,0.0,0.0,0.0,0.0,0.0,0.27,40.0,32.5,0.0,0.0,-37.0,-20.0,-40.0,58.0,-2560.0,-40.0,357.3,-3274.86,17:01:10.246063
0.0,0.0,0.0,0.0,0.0,0.0,0.0,0.27,40.0,32.5,13000.0,0.0,-37.0,-20.0,-40.0,58.0,-2560.0,-40.0,357.3,-3274.86,17:01:10.821568
0.0,0.0,0.0,0.0,0.0,0.0,0.0,0.27,40.0,32.5,0.0,0.0,-37.0,-20.0,-40.0,58.0,-2560.0,-40.0,357.3,-3274.86,17:01:11.273727
0.0,0.0,0.0,0.0,0.0,0.0,0.0,0.27,40.0,32.5,0.0,0.0,-37.0,-20.0,-40.0,58.0,-2560.0,-40.0,357.3,-3274.86,17:01:11.664710
0.0,0.0,0.0,0.0,0.0,0.0,0.0,0.27,40.0,32.5,0.0,0.0,-37.0,-20.0,-40.0,58.0,-2560.0,-40.0,357.3,-3274.86,17:01:12.129855
0.0,0.0,0.0,0.0,0.0,0.0,0.0,0.27,40.0,32.5,0.0,0.0,-37.0,-20.0,-40.0,58.0,-2550.0,-40.0,357.3,-3274.86,17:01:12.656860
0.0,0.0,0.0,0.0,0.0,0.0,0.0,0.0,40.0,32.5,0.0,0.0,-37.0,-20.0,-40.0,58.0,-2560.0,-40.0,357.3,-3274.86,17:01:13.092559
0.0,0.0,0.0,0.0,0.0,0.0,0.0,0.27,40.0,32.5,0.0,0.0,-37.0,-20.0,-40.0,58.0,-2560.0,-40.0,357.3,-3274.86,17:01:13.544555
0.0,0.0,0.0,0.0,0.0,0.0,0.0,0.27,41.25,32.5,0.0,0.0,-37.0,-20.0,-20.0,-40.0,-2550.0,-40.0,357.3,-3274.86,17:01:13.919010
0.0,0.0,0.0,0.0,0.0,0.0,0.0,0.27,41.25,32.5,0.0,0.0,-37.0,-20.0,-40.0,58.0,-2550.0,-40.0,357.3,-3274.86,17:01:14.294064
0.0,0.0,0.0,0.0,0.0,0.0,0.0,0.27,41.25,32.5,0.0,0.0,-37.0,-20.0,-40.0,58.0,-2550.0,-40.0,357.3,-3274.86,17:01:14.683281
0.0,0.0,0.0,0.0,0.0,0.0,0.0,0.27,41.25,32.5,0.0,0.0,-37.0,-20.0,-40.0,58.0,-2550.0,-40.0,357.3,-3274.86,17:01:15.072384
0.0,0.0,0.0,0.0,0.0,0.0,0.0,0.27,41.25,32.5,0.0,0.0,-37.0,-20.0,-40.0,58.0,-2550.0,-40.0,357.3,-3274.86,17:01:15.462571
0.0,0.0,0.0,0.0,0.0,0.0,0.0,0.27,41.25,32.5,0.0,0.0,-37.0,-20.0,-40.0,59.0,-2550.0,-40.0,357.4,-3274.56,17:01:15.851470
0.0,0.0,0.0,0.0,0.0,0.0,0.0,0.27,41.25,32.5,0.0,0.0,-37.0,-20.0,-40.0,58.0,-2550.0,-40.0,357.4,-3274.56,17:01:16.272635
0.0,0.0,0.0,0.0,0.0,0.0,0.0,0.27,41.25,32.5,0.0,0.0,-37.0,-20.0,-40.0,58.0,-2550.0,-40.0,357.4,-3274.56,17:01:16.724619
0.0,0.0,0.0,0.0,0.0,0.0,0.0,0.27,41.25,32.5,0.0,0.0,-37.0,-20.0,-40.0,58.0,-2550.0,-40.0,357.4,-3274.56,17:01:17.164211
0.0,0.0,0.0,0.0,0.0,0.0,0.0,0.27,41.25,32.5,0.0,0.0,-37.0,-20.0,-40.0,58.0,-2560.0,-40.0,357.4,-3274.56,17:01:17.568603
0.0,0.0,0.0,0.0,0.0,0.0,0.0,0.27,41.25,32.5,0.0,0.0,-37.0,-20.0,-40.0,58.0,-2560.0,-40.0,357.4,-3274.56,17:01:18.207386
0.0,0.0,0.0,0.0,0.0,0.0,0.0,0.27,41.25,32.5,0.0,0.0,-37.0,-20.0,-40.0,58.0,-2550.0,-40.0,357.4,-3274.56,17:01:18.642866
0.0,0.0,0.0,0.0,0.0,0.0,0.0,0.27,40.0,32.5,0.0,0.0,-37.0,-20.0,-40.0,59.0,-2550.0,-40.0,357.4,-3274.56,17:01:19.033336
0.0,0.0,0.0,0.0,0.0,0.0,0.0,0.27,40.0,32.5,0.0,0.0,-37.0,-20.0,-40.0,58.0,-2550.0,-40.0,357.4,-3274.56,17:01:19.548320
0.0,0.0,0.0,0.0,0.0,0.0,0.0,0.0,41.25,32.5,0.0,0.0,-37.0,-20.0,-40.0,58.0,-2560.0,-40.0,357.4,-3274.56,17:01:19.969619
0.0,0.0,0.0,0.0,0.0,0.0,0.0,0.0,41.25,32.5,0.0,0.0,-37.0,-20.0,-40.0,58.0,-2550.0,-40.0,357.4,-3274.56,17:01:20.418775
0.0,0.0,0.0,0.0,0.0,0.0,0.0,0.0,40.0,32.5,0.0,0.0,-35.0,-10.0,-40.0,58.0,-2560.0,-40.0,357.4,-3274.56,17:01:20.794436
0.0,0.0,0.0,0.0,0.0,0.0,0.0,0.0,40.0,32.5,0.0,0.0,-35.0,-10.0,-40.0,58.0,-2560.0,-40.0,357.4,-3274.56,17:01:21.167853
0.0,0.0,0.0,0.0,0.0,0.0,0.0,0.0,40.0,32.5,0.0,0.0,-35.0,-10.0,-40.0,58.0,-2560.0,-40.0,357.4,-3274.56,17:01:21.639438
0.0,0.0,0.0,0.0,0.0,0.0,0.0,0.0,40.0,32.5,0.0,0.0,-35.0,-10.0,-40.0,58.0,-2560.0,-40.0,357.4,-3274.56,17:01:22.104926
0.0,0.0,0.0,0.0,0.0,0.0,0.0,0.0,40.0,32.5,0.0,0.0,-35.0,-2560.0,-40.0,58.0,-2560.0,-40.0,357.4,-3274.56,17:01:22.529939
0.0,0.0,0.0,0.0,0.0,0.0,0.0,0.0,40.0,32.5,0.0,0.0,-35.0,-10.0,-40.0,58.0,-2560.0,-40.0,357.4,-3274.56,17:01:23.027899
0.0,0.0,0.0,0.0,0.0,0.0,0.0,0.0,40.0,32.5,0.0,0.0,-35.0,-2560.0,-40.0,58.0,-2560.0,-40.0,357.4,-3274.56,17:01:23.526596
0.0,0.0,0.0,0.0,0.0,0.0,0.0,0.0,40.0,32.5,0.0,0.0,-35.0,-10.0,-40.0,58.0,-2560.0,-40.0,357.4,-3274.96,17:01:23.900958
0.0,0.0,0.0,0.0,0.0,0.0,0.0,0.0,40.0,32.5,0.0,0.0,-35.0,-10.0,-40.0,58.0,-2560.0,-40.0,357.4,-3274.96,17:01:24.333633
0.0,0.0,0.0,0.0,0.0,0.0,0.0,0.0,40.0,32.5,0.0,0.0,-35.0,-2560.0,-40.0,58.0,-2560.0,-40.0,2.11,132.37,17:01:24.707331
0.0,0.0,0.0,0.0,0.0,0.0,0.0,0.0,40.0,32.5,0.0,0.0,-35.0,-2560.0,-40.0,58.0,-2560.0,-40.0,357.4,-3274.96,17:01:25.064900
0.0,0.0,0.0,0.0,0.0,0.0,0.0,0.0,40.0,32.5,0.0,0.0,-35.0,-10.0,-40.0,58.0,-2560.0,-40.0,357.4,-3274.96,17:01:25.442536
0.0,0.0,0.0,0.0,0.0,0.0,0.0,0.0,40.0,32.5,0.0,0.0,-35.0,-10.0,-40.0,58.0,-2560.0,-40.0,357.4,-3274.96,17:01:25.858666
0.0,0.0,0.0,0.0,0.0,0.0,0.0,0.0,40.0,32.5,0.0,0.0,-35.0,-10.0,-40.0,58.0,-2560.0,-40.0,357.4,-3274.96,17:01:26.403150
0.0,0.0,0.0,0.0,0.0,0.0,0.0,0.0,40.0,32.5,0.0,0.0,-35.0,-10.0,-40.0,58.0,-2560.0,-40.0,357.4,-3274.96,17:01:26.760239
0.0,0.0,0.0,0.0,0.0,0.0,0.0,0.0,40.0,32.5,0.0,0.0,-35.0,-10.0,-40.0,58.0,-2560.0,-40.0,357.4,-3274.96,17:01:27.226953
0.0,0.0,0.0,0.0,0.0,0.0,0.0,0.0,40.0,32.5,0.0,0.0,-35.0,-2560.0,-40.0,58.0,-2560.0,-40.0,357.4,-3274.96,17:01:27.598251
0.0,0.0,0.0,0.0,0.0,0.0,0.0,0.0,40.0,32.5,0.0,0.0,-35.0,-2560.0,-40.0,58.0,-2560.0,-40.0,357.4,-3274.96,17:01:28.036448
0.0,0.0,0.0,0.0,0.0,0.0,0.0,0.0,40.0,32.5,0.0,0.0,-35.0,-10.0,-40.0,58.0,-2560.0,-40.0,357.4,-3274.96,17:01:28.409239
0.0,0.0,0.0,0.0,0.0,0.0,0.0,0.0,40.0,32.5,0.0,0.0,-35.0,-10.0,-40.0,58.0,-2560.0,-40.0,357.5,-3274.86,17:01:28.845647
0.0,0.0,0.0,0.0,0.0,0.0,0.0,0.0,40.0,32.5,0.0,0.0,-35.0,-10.0,-40.0,58.0,-2560.0,-40.0,357.5,-3274.86,17:01:29.220972
0.0,0.0,0.0,0.0,0.0,0.0,0.0,0.0,40.0,32.5,0.0,0.0,-35.0,-10.0,-40.0,57.0,-2560.0,-40.0,357.5,-3274.86,17:01:29.626085
0.0,0.0,0.0,0.0,0.0,0.0,0.0,0.0,40.0,32.5,0.0,0.0,-35.0,-2560.0,-40.0,57.0,-2560.0,-40.0,357.5,-3274.86,17:01:30.044622
0.0,0.0,0.0,0.0,0.0,0.0,0.0,0.0,40.0,32.5,0.0,0.0,-35.0,-2560.0,-40.0,57.0,-2560.0,-40.0,357.5,-3274.86,17:01:30.417905
0.0,0.0,0.0,0.0,0.0,0.0,0.0,0.0,40.0,32.5,0.0,0.0,-35.0,-2560.0,-40.0,57.0,-2560.0,-40.0,357.5,-3274.86,17:01:30.853879
0.0,0.0,0.0,0.0,0.0,0.0,0.0,0.0,40.0,32.5,0.0,0.0,-35.0,-10.0,-40.0,57.0,-2560.0,-40.0,357.5,-3274.86,17:01:31.258372
0.0,0.0,0.0,0.0,0.0,0.0,0.0,0.0,40.0,32.5,0.0,0.0,-35.0,-10.0,-40.0,57.0,-2560.0,-40.0,357.5,-3274.86,17:01:31.757546
0.0,0.0,0.0,0.0,0.0,0.0,0.0,0.0,40.0,32.5,0.0,0.0,-35.0,-2560.0,-40.0,57.0,-2560.0,-40.0,357.5,-3274.86,17:01:32.208646
0.0,0.0,0.0,0.0,0.0,0.0,0.0,0.0,40.0,32.5,0.0,0.0,-35.0,-10.0,-40.0,58.0,-2560.0,-40.0,357.5,-3274.86,17:01:32.584577
0.0,0.0,0.0,0.0,0.0,0.0,0.0,0.0,40.0,32.5,0.0,0.0,-35.0,-10.0,-40.0,57.0,-2560.0,-40.0,357.5,-3274.86,17:01:33.018774
0.0,0.0,0.0,0.0,0.0,0.0,0.0,0.0,40.0,32.5,0.0,0.0,-35.0,-2560.0,-40.0,57.0,-2560.0,-40.0,357.5,-3274.86,17:01:33.409303
0.0,0.0,0.0,0.0,0.0,0.0,0.0,0.0,40.0,32.5,0.0,0.0,-35.0,-10.0,-40.0,58.0,-2560.0,-40.0,357.5,-3274.86,17:01:33.767959
0.0,0.0,0.0,0.0,0.0,0.0,0.0,0.0,40.0,32.5,0.0,0.0,-35.0,-2560.0,-40.0,57.0,-2560.0,-40.0,357.5,-3274.86,17:01:34.139285
0.0,0.0,0.0,0.0,0.0,0.0,0.0,0.0,40.0,32.5,0.0,0.0,-35.0,-2560.0,-40.0,57.0,-2560.0,-40.0,357.5,-3274.86,17:01:34.606285
0.0,0.0,0.0,0.0,0.0,0.0,0.0,0.27,40.0,32.5,0.0,0.0,-35.0,-2560.0,-40.0,58.0,-2560.0,-40.0,357.5,-3275.06,17:01:34.984037
0.0,0.0,0.0,0.0,0.0,0.0,0.0,0.27,40.0,32.5,0.0,0.0,-35.0,-2560.0,-40.0,57.0,-2560.0,-40.0,357.5,-3275.06,17:01:35.372489
0.0,0.0,0.0,0.0,0.0,0.0,0.0,0.27,40.0,32.5,0.0,0.0,-35.0,-2560.0,-40.0,57.0,-2560.0,-40.0,357.5,-3275.06,17:01:35.947280
0.0,0.0,0.0,0.0,0.0,0.0,0.0,0.27,40.0,32.5,0.0,0.0,-35.0,-2560.0,-40.0,57.0,-2560.0,-40.0,357.5,-3275.06,17:01:36.352508
0.0,0.0,0.0,0.0,0.0,0.0,0.0,0.27,41.25,32.5,0.0,0.0,-35.0,-2560.0,-40.0,57.0,-2560.0,-40.0,357.5,-3275.06,17:01:36.818959
0.0,0.0,0.0,0.0,0.0,0.0,0.0,0.27,41.25,32.5,0.0,0.0,-35.0,-2560.0,-40.0,57.0,-2560.0,-40.0,357.5,-3275.06,17:01:37.222009
0.0,0.0,0.0,0.0,0.0,0.0,0.0,0.27,41.25,32.5,0.0,0.0,-35.0,-2560.0,-40.0,57.0,-2560.0,-40.0,357.5,-3275.06,17:01:37.660903
0.0,0.0,0.0,0.0,0.0,0.0,0.0,0.27,41.25,32.5,0.0,0.0,-35.0,-2560.0,-40.0,57.0,-2560.0,-40.0,357.5,-3275.06,17:01:38.049361
0.0,0.0,0.0,0.0,0.0,0.0,0.0,0.27,41.25,32.5,0.0,0.0,-35.0,-2560.0,-40.0,57.0,-2560.0,-40.0,357.5,-3275.06,17:01:38.439214
0.0,0.0,0.0,0.0,0.0,0.0,0.0,0.27,41.25,32.5,0.0,0.0,-35.0,-2560.0,-40.0,57.0,-2560.0,-40.0,357.5,-3275.06,17:01:38.825715
0.0,0.0,0.0,0.0,0.0,0.0,0.0,0.27,41.25,32.5,0.0,0.0,-35.0,-2560.0,-40.0,57.0,-2560.0,-40.0,357.5,-3275.06,17:01:39.233599
0.0,0.0,0.0,0.0,0.0,0.0,0.0,0.27,41.25,32.5,0.0,0.0,-35.0,-2560.0,-40.0,57.0,-2560.0,-40.0,357.5,-3275.06,17:01:39.607969
0.0,0.0,0.0,0.0,0.0,0.0,0.0,0.27,41.25,32.5,0.0,0.0,-35.0,-10.0,-40.0,57.0,-2560.0,-40.0,357.5,-3275.06,17:01:39.996919
0.0,0.0,0.0,0.0,0.0,0.0,0.0,0.27,41.25,32.5,0.0,0.0,-35.0,-10.0,-40.0,57.0,-2560.0,-40.0,357.5,-3275.06,17:01:40.370738
0.0,0.0,0.0,0.0,0.0,0.0,0.0,0.27,41.25,32.5,0.0,0.0,-35.0,-2560.0,-40.0,57.0,-2560.0,-40.0,357.5,-3275.06,17:01:40.773985
0.0,0.0,0.0,0.0,0.0,0.0,0.0,0.27,41.25,32.5,0.0,0.0,-35.0,-2560.0,-40.0,57.0,-2560.0,-40.0,357.5,-3275.06,17:01:41.181718
0.0,0.0,0.0,0.0,0.0,0.0,0.0,0.27,41.25,32.5,0.0,0.0,-35.0,-2560.0,-40.0,57.0,-2560.0,-40.0,357.5,-3275.06,17:01:41.587782
0.0,0.0,0.0,0.0,0.0,0.0,0.0,0.27,41.25,32.5,0.0,0.0,-35.0,-10.0,-40.0,57.0,-2560.0,-40.0,357.5,-3275.06,17:01:42.025622
0.0,0.0,0.0,0.0,0.0,0.0,0.0,0.27,41.25,32.5,0.0,0.0,-35.0,-10.0,-40.0,57.0,-2560.0,-40.0,357.5,-3275.06,17:01:42.415733
0.0,0.0,0.0,0.0,0.0,0.0,0.0,0.27,41.25,32.5,0.0,0.0,-35.0,-10.0,-40.0,57.0,-2560.0,-40.0,357.5,-3275.06,17:01:42.818287
0.0,0.0,0.0,0.0,0.0,0.0,0.0,0.0,41.25,32.5,0.0,0.0,-35.0,-2560.0,-40.0,57.0,-2560.0,-40.0,357.5,-3275.06,17:01:43.208133
0.0,0.0,0.0,0.0,0.0,0.0,0.0,0.0,41.25,32.5,0.0,0.0,-35.0,-10.0,-40.0,57.0,-2560.0,-40.0,357.5,-3275.06,17:01:43.616950
0.0,0.0,0.0,0.0,0.0,0.0,0.0,0.27,41.25,32.5,0.0,0.0,-35.0,-10.0,-40.0,57.0,-2560.0,-40.0,357.5,-3275.06,17:01:44.081860
0.0,0.0,0.0,0.0,0.0,0.0,0.0,0.27,41.25,32.5,0.0,0.0,-35.0,-2560.0,-40.0,57.0,-2560.0,-40.0,357.5,-3275.06,17:01:44.451933
0.0,0.0,0.0,0.0,0.0,0.0,0.0,0.0,41.25,41.25,13000.0,0.0,0.0,-35.0,-2560.0,-40.0,57.0,-2560.0,2.11,132.41,17:01:44.818862
0.0,0.0,0.0,0.0,0.0,0.0,0.0,0.27,41.25,32.5,0.0,0.0,-35.0,-2560.0,-40.0,57.0,-2560.0,-40.0,357.5,-3275.06,17:01:45.162986
0.0,0.0,0.0,0.0,0.0,0.0,0.0,0.27,41.25,32.5,0.0,0.0,-35.0,-2560.0,-40.0,57.0,-2560.0,-40.0,357.5,-3275.06,17:01:45.551567
0.0,0.0,0.0,0.0,0.0,0.0,0.0,0.27,41.25,32.5,0.0,0.0,-35.0,-10.0,-40.0,57.0,-2560.0,-40.0,357.5,-3275.06,17:01:45.922558
0.0,0.0,0.0,0.0,0.0,0.0,0.0,0.27,41.25,32.5,0.0,0.0,-35.0,-2560.0,-40.0,57.0,-2560.0,-40.0,357.5,-3275.06,17:01:46.287563
0.0,0.0,0.0,0.0,0.0,0.0,0.0,0.27,41.25,32.5,0.0,0.0,-35.0,-10.0,-40.0,57.0,-2560.0,-40.0,357.5,-3275.06,17:01:46.753204
